sku,descripcion,categoria,unidad,costo_unitario,proveedor,lead_time_declarado_dias,stock_min,stock_max
MP-0311,Empaque calibre/ref 20,empaque,unidad,4693,PROV-26,8,100,500
MP-0219,Correderas calibre/ref 28,Correderas,par,7896,PROV-25,10,100,500
MP-0338,Empaque calibre/ref 33,Empaque,unidad,4061,PROV-30,15,100,500
MP-0167,Correderas calibre/ref 34,Correderas,par,13015,PROV-33,,100,500
MP-0125,Tubería calibre/ref 6,TUBERIA,m,76778,PROV-12,6,100,500
MP-0276,Correderas calibre/ref 16,correderas,par,1815,PROV-06,7,100,500
MP-0280,Vidrio calibre/ref 36,Vidrio,m2,2504,PROV-10,5,100,500
MP-0145,Tubería calibre/ref 22,tuberia,m,22774,PROV-30,7,100,500
MP-0142,Lámina calibre/ref 21,LAMINA AC,lámina,34292,PROV-26,14,100,500
MP-0206,Adhesivos calibre/ref 17,Adhesivos,kg,13367,PROV-25,,100,500
MP-0294,Lámina calibre/ref 23,Lámina,lámina,3954,PROV-26,7,100,500
MP-0188,Vidrio calibre/ref 28,vidrio,m2,1200,PROV-23,6,100,500
MP-0195,Pintura calibre/ref 34,pintura electrostatica,kg,6770,PROV-21,17,100,500
MP-0324,Lámina calibre/ref 24,Lámina,lámina,14311,PROV-08,18,100,500
MP-0402,Tubería calibre/ref 14,TUBERIA,m,7198,PROV-04,7,100,500
MP-0268,Vidrio calibre/ref 22,vidrio,m2,12459,PROV-17,,100,500
MP-0065,Adhesivos calibre/ref 1,Adhesivos,kg,35988,PROV-13,11,100,500
MP-0367,Tornillería calibre/ref 14,Torn.,unidad,13259,PROV-23,7,100,500
MP-0366,Pintura calibre/ref 22,PINTURA,kg,8061,PROV-19,12,100,500
MP-0292,Tornillería calibre/ref 5,Tornillería,unidad,12482,PROV-31,,100,500
MP-0012,Tubería calibre/ref 22,TUBERIA,m,260365,PROV-29,14,100,500
MP-0208,Adhesivos calibre/ref 8,PEGANTE,kg,8505,PROV-11,14,100,500
MP-90289,Adhesivos (dup),PEGANTE,kg,11160,PROV-30,13,100,500
MP-0185,Tornillería calibre/ref 6,Torn.,unidad,12045,PROV-23,,100,500
MP-0132,Lámina calibre/ref 4,Lámina,lámina,32995,PROV-09,,100,500
MP-0337,Tornillería calibre/ref 1,Tornillería,unidad,3350,PROV-13,5,100,500
MP-0360,Tubería calibre/ref 25,TUBERIA,m,2148,PROV-20,6,100,500
MP-0389,Adhesivos calibre/ref 16,Adhesivos,kg,2311,PROV-17,5,100,500
MP-0322,Empaque calibre/ref 22,empaque,unidad,8687,PROV-03,10,100,500
MP-0193,Correderas calibre/ref 15,Correderas,par,2415,PROV-32,10,100,500
MP-0365,Empaque calibre/ref 30,empaque,unidad,1744,PROV-15,6,100,500
MP-0109,Correderas calibre/ref 18,correderas,par,60010,PROV-19,11,100,500
MP-0410,Tubería calibre/ref 5,tuberia,m,4345,PROV-21,13,100,500
MP-0387,Tubería calibre/ref 15,tuberia,m,10078,PROV-22,6,100,500
MP-0203,Adhesivos calibre/ref 22,adhesivo,kg,13450,PROV-19,,100,500
MP-0110,Correderas calibre/ref 37,Correderas,par,70066,PROV-26,8,100,500
MP-0340,Vidrio calibre/ref 34,vidrio,m2,2769,PROV-05,,100,500
MP-0353,Correderas calibre/ref 25,CORREDERA,par,10667,PROV-10,15,100,500
MP-0278,Empaque calibre/ref 8,empaque,unidad,631,PROV-16,14,100,500
MP-0187,Adhesivos calibre/ref 6,adhesivo,kg,11831,PROV-21,10,100,500
MP-0308,Tubería calibre/ref 29,TUBERIA,m,8450,PROV-34,6,100,500
MP-0097,Vidrio calibre/ref 31,vidrio,m2,56581,PROV-30,10,100,500
MP-0181,Pintura calibre/ref 37,PINTURA,kg,3549,PROV-10,,100,500
MP-0281,Lámina calibre/ref 27,Lamina de acero,lámina,7868,PROV-05,11,100,500
MP-0243,Vidrio calibre/ref 37,Vidrio,m2,7117,PROV-20,8,100,500
MP-0328,Empaque calibre/ref 17,empaque,unidad,11117,PROV-26,11,100,500
MP-0306,Lámina calibre/ref 22,LAMINA AC,lámina,6945,PROV-35,,100,500
MP-0207,Tubería calibre/ref 11,TUBERIA,m,1443,PROV-07,5,100,500
MP-0144,Adhesivos calibre/ref 17,Adhesivos,kg,49362,PROV-02,10,100,500
MP-0030,Correderas calibre/ref 5,correderas,par,284982,PROV-27,16,100,500
MP-0200,Lámina calibre/ref 30,lamina,lámina,13801,PROV-11,12,100,500
MP-0226,Adhesivos calibre/ref 13,adhesivo,kg,7832,PROV-27,,100,500
MP-0379,Lámina calibre/ref 14,Lamina de acero,lámina,12817,PROV-32,8,100,500
MP-0098,Empaque calibre/ref 2,Empaque,unidad,16242,PROV-18,5,100,500
MP-0156,Lámina calibre/ref 37,LAMINA AC,lámina,13196,PROV-35,6,100,500
MP-0157,Tornillería calibre/ref 30,Torn.,unidad,2791,PROV-12,6,100,500
MP-0080,Adhesivos calibre/ref 18,PEGANTE,kg,39838,PROV-24,10,100,500
MP-0238,Pintura calibre/ref 4,pintura electrostatica,kg,12403,PROV-15,,100,500
MP-0164,Vidrio calibre/ref 14,Vidrio,m2,1846,PROV-10,9,100,500
MP-0053,Tubería calibre/ref 22,Tubería,m,21843,PROV-21,12,100,500
MP-0368,Pintura calibre/ref 4,PINTURA,kg,9888,PROV-19,,100,500
MP-0210,Empaque calibre/ref 29,EMPAQUES,unidad,7603,PROV-03,,100,500
MP-0171,Tornillería calibre/ref 28,tornilleria,unidad,3672,PROV-13,12,100,500
MP-0176,Tubería calibre/ref 37,TUBERIA,m,579,PROV-23,5,100,500
MP-0325,Tubería calibre/ref 8,Tubería,m,431,PROV-22,14,100,500
MP-0257,Adhesivos calibre/ref 13,PEGANTE,kg,3868,PROV-03,16,100,500
MP-0332,Vidrio calibre/ref 35,Vidrio,m2,6819,PROV-07,16,100,500
MP-0027,Pintura calibre/ref 17,PINTURA,kg,179174,PROV-27,16,100,500
MP-0393,Empaque calibre/ref 3,Empaque,unidad,9553,PROV-11,9,100,500
MP-0135,Tubería calibre/ref 34,tuberia,m,25279,PROV-01,5,100,500
MP-0417,Correderas calibre/ref 3,Correderas,par,13045,PROV-06,,100,500
MP-0094,Lámina calibre/ref 36,Lamina de acero,lámina,40900,PROV-11,12,100,500
MP-0348,Correderas calibre/ref 6,correderas,par,9374,PROV-31,5,100,500
MP-0170,Tornillería calibre/ref 22,tornilleria,unidad,4382,PROV-13,17,100,500
MP-0103,Pintura calibre/ref 2,pintura electrostatica,kg,50643,PROV-09,8,100,500
MP-0192,Tornillería calibre/ref 24,Tornillería,unidad,10044,PROV-01,10,100,500
MP-0380,Tornillería calibre/ref 4,Tornillería,unidad,13527,PROV-07,10,100,500
MP-0197,Tornillería calibre/ref 25,tornilleria,unidad,3935,PROV-06,7,100,500
MP-0134,Correderas calibre/ref 36,Correderas,par,64521,PROV-25,12,100,500
MP-0198,Pintura calibre/ref 7,Pintura,kg,13940,PROV-26,17,100,500
MP-0077,Tubería calibre/ref 26,TUBERIA,m,66191,PROV-34,17,100,500
MP-0112,Adhesivos calibre/ref 5,Adhesivos,kg,23398,PROV-20,11,100,500
MP-0024,Vidrio calibre/ref 33,vidrio,m2,223650,PROV-31,20,100,500
MP-0296,Adhesivos calibre/ref 1,Adhesivos,kg,10190,PROV-11,10,100,500
MP-0010,Pintura calibre/ref 33,PINTURA,kg,244981,PROV-24,20,100,500
MP-0414,Empaque calibre/ref 10,empaque,unidad,2703,PROV-17,12,100,500
MP-0265,Tornillería calibre/ref 19,Torn.,unidad,8263,PROV-29,7,100,500
MP-0327,Tubería calibre/ref 23,Tubería,m,8037,PROV-06,14,100,500
MP-0138,Tubería calibre/ref 10,Tubería,m,68215,PROV-21,,100,500
MP-0067,Pintura calibre/ref 15,PINTURA,kg,65561,PROV-04,11,100,500
MP-0377,Empaque calibre/ref 37,Empaque,unidad,5853,PROV-01,12,100,500
MP-0288,Lámina calibre/ref 6,LAMINA AC,lámina,3660,PROV-13,,100,500
MP-0364,Empaque calibre/ref 26,empaque,unidad,7364,PROV-13,6,100,500
MP-0121,Adhesivos calibre/ref 28,Adhesivos,kg,50877,PROV-16,9,100,500
MP-0217,Adhesivos calibre/ref 34,PEGANTE,kg,7822,PROV-25,14,100,500
MP-0021,Correderas calibre/ref 31,Correderas,par,188399,PROV-03,13,100,500
MP-0062,Correderas calibre/ref 33,CORREDERA,par,42841,PROV-08,13,100,500
MP-0301,Pintura calibre/ref 12,pintura electrostatica,kg,13471,PROV-07,16,100,500
MP-0111,Adhesivos calibre/ref 34,adhesivo,kg,71165,PROV-08,9,100,500
MP-0215,Pintura calibre/ref 33,PINTURA,kg,8972,PROV-11,11,100,500
MP-0330,Tornillería calibre/ref 30,Torn.,unidad,8021,PROV-32,8,100,500
MP-0008,Correderas calibre/ref 39,correderas,par,310890,PROV-20,20,100,500
MP-0147,Tubería calibre/ref 28,Tubería,m,48242,PROV-28,10,100,500
MP-0091,Tubería calibre/ref 34,Tubería,m,75896,PROV-11,11,100,500
MP-0407,Lámina calibre/ref 34,lamina,lámina,11177,PROV-02,,100,500
MP-0061,Tornillería calibre/ref 7,tornilleria,unidad,53880,PROV-23,11,100,500
MP-0131,Tornillería calibre/ref 8,Tornillería,unidad,37576,PROV-35,9,100,500
MP-0298,Correderas calibre/ref 23,correderas,par,3294,PROV-26,12,100,500
MP-0236,Empaque calibre/ref 12,EMPAQUES,unidad,12660,PROV-01,10,100,500
MP-90107,Lámina (dup),lamina,lámina,74064,PROV-07,14,100,500
MP-0051,Correderas calibre/ref 32,Correderas,par,68499,PROV-15,,100,500
MP-0137,Vidrio calibre/ref 12,vidrio,m2,39144,PROV-09,6,100,500
MP-0415,Correderas calibre/ref 28,Correderas,par,12117,PROV-09,9,100,500
MP-0253,Tubería calibre/ref 5,TUBERIA,m,9356,PROV-29,10,100,500
MP-0064,Tubería calibre/ref 23,TUBERIA,m,35201,PROV-06,11,100,500
MP-0086,Empaque calibre/ref 3,Empaque,unidad,69618,PROV-33,,100,500
MP-90019,Vidrio (dup),Vidrio,m2,85882,PROV-31,17,100,500
MP-0391,Adhesivos calibre/ref 29,Adhesivos,kg,8995,PROV-06,15,100,500
MP-0070,Tubería calibre/ref 34,Tubería,m,57954,PROV-16,9,100,500
MP-0071,Pintura calibre/ref 10,Pintura,kg,64609,PROV-18,10,100,500
MP-0400,Tubería calibre/ref 15,Tubería,m,13930,PROV-28,11,100,500
MP-0020,Lámina calibre/ref 1,lamina,lámina,248445,PROV-29,15,100,500
MP-0282,Tornillería calibre/ref 28,tornilleria,unidad,14231,PROV-23,11,100,500
MP-90093,Adhesivos (dup),adhesivo,kg,75030,PROV-20,7,100,500
MP-0034,Tornillería calibre/ref 13,Tornillería,unidad,318023,PROV-03,18,100,500
MP-0001,Adhesivos calibre/ref 25,PEGANTE,kg,299035,PROV-02,,100,500
MP-0085,Empaque calibre/ref 20,Empaque,unidad,42369,PROV-25,11,100,500
MP-0179,Correderas calibre/ref 24,Correderas,par,11205,PROV-27,15,100,500
MP-90223,Tornillería (dup),Torn.,unidad,10728,PROV-30,13,100,500
MP-0309,Tubería calibre/ref 3,tuberia,m,6190,PROV-29,11,100,500
MP-0341,Tornillería calibre/ref 5,tornilleria,unidad,2027,PROV-34,7,100,500
MP-0083,Pintura calibre/ref 14,Pintura,kg,73001,PROV-07,6,100,500
MP-0405,Lámina calibre/ref 16,lamina,lámina,8284,PROV-26,12,100,500
MP-0073,Empaque calibre/ref 3,empaque,unidad,45806,PROV-14,11,100,500
MP-0320,Lámina calibre/ref 38,lamina,lámina,1174,PROV-14,17,100,500
MP-0124,Tubería calibre/ref 35,TUBERIA,m,29143,PROV-02,14,100,500
MP-0028,Tubería calibre/ref 19,Tubería,m,367530,PROV-06,19,100,500
MP-0069,Tubería calibre/ref 25,tuberia,m,44153,PROV-16,12,100,500
MP-0355,Lámina calibre/ref 28,Lamina de acero,lámina,13636,PROV-05,5,100,500
MP-0130,Empaque calibre/ref 33,EMPAQUES,unidad,74019,PROV-11,10,100,500
MP-0209,Tubería calibre/ref 37,Tubería,m,5569,PROV-02,9,100,500
MP-0401,Vidrio calibre/ref 25,Vidrio,m2,2358,PROV-18,11,100,500
MP-0042,Lámina calibre/ref 37,Lamina de acero,lámina,50406,PROV-08,12,100,500
MP-0007,Adhesivos calibre/ref 33,PEGANTE,kg,313781,PROV-01,17,100,500
MP-90072,Adhesivos (dup),adhesivo,kg,16950,PROV-09,13,100,500
MP-0113,Adhesivos calibre/ref 5,Adhesivos,kg,60878,PROV-11,7,100,500
MP-0293,Lámina calibre/ref 15,Lámina,lámina,8453,PROV-08,11,100,500
MP-0201,Correderas calibre/ref 16,Correderas,par,13444,PROV-31,11,100,500
MP-0096,Adhesivos calibre/ref 2,adhesivo,kg,51577,PROV-29,8,100,500
MP-0117,Pintura calibre/ref 22,pintura electrostatica,kg,19690,PROV-27,10,100,500
MP-0088,Vidrio calibre/ref 22,Vidrio,m2,42952,PROV-17,5,100,500
MP-0006,Lámina calibre/ref 25,LAMINA AC,lámina,142141,PROV-08,15,100,500
MP-0087,Pintura calibre/ref 11,Pintura,kg,77924,PROV-23,8,100,500
MP-0242,Empaque calibre/ref 12,Empaque,unidad,12815,PROV-23,13,100,500
MP-0166,Lámina calibre/ref 28,Lamina de acero,lámina,10838,PROV-08,5,100,500
MP-0371,Tubería calibre/ref 19,TUBERIA,m,4437,PROV-31,6,100,500
MP-90388,Correderas (dup),CORREDERA,par,4008,PROV-31,15,100,500
MP-0169,Correderas calibre/ref 15,Correderas,par,1258,PROV-24,5,100,500
MP-0304,Correderas calibre/ref 16,correderas,par,5637,PROV-32,16,100,500
MP-0040,Correderas calibre/ref 2,CORREDERA,par,143609,PROV-31,17,100,500
MP-0350,Adhesivos calibre/ref 15,Adhesivos,kg,7054,PROV-11,9,100,500
MP-0232,Tubería calibre/ref 14,tuberia,m,8859,PROV-02,,100,500
MP-0196,Vidrio calibre/ref 16,vidrio,m2,4392,PROV-13,9,100,500
MP-0245,Adhesivos calibre/ref 23,PEGANTE,kg,2815,PROV-23,,100,500
MP-0141,Adhesivos calibre/ref 38,adhesivo,kg,20387,PROV-32,6,100,500
MP-0408,Empaque calibre/ref 36,EMPAQUES,unidad,14786,PROV-24,13,100,500
MP-0099,Vidrio calibre/ref 17,vidrio,m2,42946,PROV-17,6,100,500
MP-0291,Vidrio calibre/ref 23,vidrio,m2,13498,PROV-05,6,100,500
MP-0223,Tornillería calibre/ref 36,tornilleria,unidad,10102,PROV-30,13,100,500
MP-0205,Correderas calibre/ref 12,correderas,par,2925,PROV-30,9,100,500
MP-0274,Tubería calibre/ref 12,tuberia,m,8520,PROV-22,8,100,500
MP-0409,Tornillería calibre/ref 29,tornilleria,unidad,13425,PROV-26,6,100,500
MP-0275,Tubería calibre/ref 33,Tubería,m,2333,PROV-31,13,100,500
MP-0148,Adhesivos calibre/ref 14,PEGANTE,kg,74617,PROV-15,11,100,500
MP-0161,Correderas calibre/ref 21,Correderas,par,2495,PROV-03,9,100,500
MP-0317,Tubería calibre/ref 13,TUBERIA,m,6640,PROV-32,8,100,500
MP-0383,Tornillería calibre/ref 26,Tornillería,unidad,2342,PROV-19,13,100,500
MP-0233,Correderas calibre/ref 11,CORREDERA,par,5273,PROV-01,10,100,500
MP-0358,Adhesivos calibre/ref 25,PEGANTE,kg,10081,PROV-03,13,100,500
MP-0081,Adhesivos calibre/ref 17,PEGANTE,kg,29017,PROV-04,10,100,500
MP-90197,Tornillería (dup),tornilleria,unidad,4142,PROV-06,7,100,500
MP-0158,Tubería calibre/ref 32,Tubería,m,9120,PROV-21,10,100,500
MP-0140,Vidrio calibre/ref 10,vidrio,m2,69076,PROV-20,,100,500
MP-0272,Correderas calibre/ref 39,Correderas,par,12300,PROV-16,7,100,500
MP-0044,Vidrio calibre/ref 25,vidrio,m2,64011,PROV-06,5,100,500
MP-0120,Pintura calibre/ref 2,pintura electrostatica,kg,57256,PROV-01,14,100,500
MP-0269,Vidrio calibre/ref 13,vidrio,m2,2974,PROV-12,6,100,500
MP-0386,Correderas calibre/ref 22,correderas,par,5157,PROV-14,13,100,500
MP-0385,Tubería calibre/ref 28,Tubería,m,11740,PROV-07,9,100,500
MP-0190,Vidrio calibre/ref 20,vidrio,m2,8785,PROV-30,5,100,500
MP-0258,Empaque calibre/ref 38,Empaque,unidad,14988,PROV-11,9,100,500
MP-0184,Tornillería calibre/ref 3,Torn.,unidad,13370,PROV-35,8,100,500
MP-0204,Correderas calibre/ref 22,Correderas,par,3743,PROV-09,6,100,500
MP-0095,Pintura calibre/ref 39,Pintura,kg,49436,PROV-08,8,100,500
MP-0395,Empaque calibre/ref 21,empaque,unidad,12818,PROV-31,7,100,500
MP-0079,Lámina calibre/ref 13,LAMINA AC,lámina,61211,PROV-27,15,100,500
MP-0413,Empaque calibre/ref 36,empaque,unidad,332,PROV-15,7,100,500
MP-0173,Tubería calibre/ref 35,TUBERIA,m,7717,PROV-25,9,100,500
MP-90390,Tornillería (dup),Torn.,unidad,15622,PROV-17,13,100,500
MP-0302,Tubería calibre/ref 29,Tubería,m,4885,PROV-28,,100,500
MP-0237,Correderas calibre/ref 14,Correderas,par,2056,PROV-30,11,100,500
MP-90183,Tubería (dup),tuberia,m,14062,PROV-20,15,100,500
MP-0326,Vidrio calibre/ref 25,vidrio,m2,913,PROV-23,7,100,500
MP-0346,Correderas calibre/ref 37,CORREDERA,par,8492,PROV-31,14,100,500
MP-0189,Lámina calibre/ref 34,Lamina de acero,lámina,5058,PROV-10,16,100,500
MP-0168,Adhesivos calibre/ref 15,adhesivo,kg,2412,PROV-27,10,100,500
MP-0153,Correderas calibre/ref 31,CORREDERA,par,14614,PROV-07,9,100,500
MP-0314,Vidrio calibre/ref 30,Vidrio,m2,3975,PROV-11,9,100,500
MP-0267,Tubería calibre/ref 24,TUBERIA,m,7722,PROV-10,11,100,500
MP-0186,Empaque calibre/ref 10,Empaque,unidad,14860,PROV-08,16,100,500
MP-0261,Vidrio calibre/ref 11,Vidrio,m2,4365,PROV-33,7,100,500
MP-0194,Pintura calibre/ref 9,pintura electrostatica,kg,7578,PROV-08,13,100,500
MP-90370,Tubería (dup),TUBERIA,m,15454,PROV-35,15,100,500
MP-0072,Adhesivos calibre/ref 35,Adhesivos,kg,15680,PROV-09,13,100,500
MP-0419,Correderas calibre/ref 5,CORREDERA,par,10429,PROV-34,9,100,500
MP-0039,Tubería calibre/ref 24,tuberia,m,395252,PROV-26,,100,500
MP-0230,Correderas calibre/ref 26,CORREDERA,par,11714,PROV-04,8,100,500
MP-0316,Tubería calibre/ref 40,tuberia,m,10502,PROV-07,11,100,500
MP-0046,Pintura calibre/ref 27,pintura electrostatica,kg,36673,PROV-14,16,100,500
MP-0286,Vidrio calibre/ref 2,vidrio,m2,8518,PROV-06,7,100,500
MP-0397,Empaque calibre/ref 20,empaque,unidad,8205,PROV-14,6,100,500
MP-90137,Vidrio (dup),vidrio,m2,41373,PROV-09,6,100,500
MP-0054,Correderas calibre/ref 17,correderas,par,52942,PROV-35,6,100,500
MP-0262,Correderas calibre/ref 27,correderas,par,10446,PROV-30,8,100,500
MP-0115,Lámina calibre/ref 39,Lamina de acero,lámina,26639,PROV-18,,100,500
MP-0180,Empaque calibre/ref 28,EMPAQUES,unidad,6718,PROV-22,13,100,500
MP-0155,Tornillería calibre/ref 15,Torn.,unidad,14126,PROV-09,8,100,500
MP-0394,Vidrio calibre/ref 15,vidrio,m2,1688,PROV-21,6,100,500
MP-0266,Pintura calibre/ref 19,PINTURA,kg,8009,PROV-07,,100,500
MP-0229,Empaque calibre/ref 9,EMPAQUES,unidad,7426,PROV-03,,100,500
MP-0068,Empaque calibre/ref 40,EMPAQUES,unidad,33602,PROV-24,9,100,500
MP-0251,Lámina calibre/ref 15,LAMINA AC,lámina,11276,PROV-29,10,100,500
MP-0318,Correderas calibre/ref 26,Correderas,par,13277,PROV-34,,100,500
MP-0411,Correderas calibre/ref 9,CORREDERA,par,2329,PROV-03,14,100,500
MP-0289,Adhesivos calibre/ref 9,adhesivo,kg,10185,PROV-30,13,100,500
MP-0225,Empaque calibre/ref 17,Empaque,unidad,7878,PROV-02,,100,500
MP-0076,Tornillería calibre/ref 19,tornilleria,unidad,29459,PROV-11,17,100,500
MP-0277,Empaque calibre/ref 37,empaque,unidad,1976,PROV-23,11,100,500
MP-0345,Lámina calibre/ref 26,lamina,lámina,14371,PROV-31,6,100,500
MP-0363,Adhesivos calibre/ref 33,adhesivo,kg,8678,PROV-05,,100,500
MP-0022,Correderas calibre/ref 1,correderas,par,173118,PROV-07,13,100,500
MP-0279,Adhesivos calibre/ref 6,adhesivo,kg,1287,PROV-17,14,100,500
MP-0025,Vidrio calibre/ref 34,Vidrio,m2,216530,PROV-24,19,100,500
MP-0082,Tornillería calibre/ref 15,Tornillería,unidad,23972,PROV-14,7,100,500
MP-0089,Lámina calibre/ref 24,lamina,lámina,56054,PROV-14,9,100,500
MP-0199,Empaque calibre/ref 36,EMPAQUES,unidad,13941,PROV-13,,100,500
MP-0392,Vidrio calibre/ref 34,Vidrio,m2,1025,PROV-05,9,100,500
MP-0374,Pintura calibre/ref 11,Pintura,kg,2099,PROV-15,5,100,500
MP-90018,Adhesivos (dup),Adhesivos,kg,104040,PROV-07,11,100,500
MP-0406,Tubería calibre/ref 27,Tubería,m,1249,PROV-34,16,100,500
MP-0063,Adhesivos calibre/ref 37,PEGANTE,kg,30966,PROV-34,12,100,500
MP-0299,Empaque calibre/ref 10,EMPAQUES,unidad,7144,PROV-32,7,100,500
MP-0339,Adhesivos calibre/ref 25,Adhesivos,kg,4192,PROV-07,7,100,500
MP-0019,Vidrio calibre/ref 29,Vidrio,m2,81958,PROV-31,17,100,500
MP-0182,Vidrio calibre/ref 13,vidrio,m2,7457,PROV-26,13,100,500
MP-0128,Pintura calibre/ref 15,PINTURA,kg,56497,PROV-22,8,100,500
MP-0390,Tornillería calibre/ref 11,tornilleria,unidad,13936,PROV-17,13,100,500
MP-0093,Adhesivos calibre/ref 7,PEGANTE,kg,67888,PROV-20,,100,500
MP-0202,Pintura calibre/ref 34,pintura electrostatica,kg,2983,PROV-29,15,100,500
MP-0373,Tornillería calibre/ref 19,tornilleria,unidad,13149,PROV-03,10,100,500
MP-90091,Tubería (dup),Tubería,m,80087,PROV-11,11,100,500
MP-0263,Tubería calibre/ref 33,tuberia,m,4802,PROV-21,6,100,500
MP-0255,Tornillería calibre/ref 6,tornilleria,unidad,7693,PROV-35,13,100,500
MP-0143,Pintura calibre/ref 19,Pintura,kg,78410,PROV-10,11,100,500
MP-0312,Vidrio calibre/ref 7,Vidrio,m2,7466,PROV-09,12,100,500
MP-0104,Tubería calibre/ref 14,tuberia,m,71159,PROV-06,13,100,500
MP-0014,Vidrio calibre/ref 37,Vidrio,m2,234603,PROV-26,9,100,500
MP-0307,Pintura calibre/ref 23,pintura electrostatica,kg,2975,PROV-09,6,100,500
MP-0178,Vidrio calibre/ref 15,Vidrio,m2,7406,PROV-22,8,100,500
MP-0037,Pintura calibre/ref 28,Pintura,kg,101283,PROV-34,13,100,500
MP-0100,Pintura calibre/ref 33,pintura electrostatica,kg,61699,PROV-10,8,100,500
MP-90038,Adhesivos (dup),Adhesivos,kg,339193,PROV-32,18,100,500
MP-0420,Adhesivos calibre/ref 30,PEGANTE,kg,13429,PROV-33,7,100,500
MP-0398,Correderas calibre/ref 39,CORREDERA,par,653,PROV-25,,100,500
MP-0240,Correderas calibre/ref 20,correderas,par,6284,PROV-07,10,100,500
MP-0248,Tornillería calibre/ref 23,tornilleria,unidad,860,PROV-14,6,100,500
MP-0105,Lámina calibre/ref 21,Lamina de acero,lámina,56750,PROV-29,11,100,500
MP-90157,Tornillería (dup),tornilleria,unidad,2888,PROV-12,6,100,500
MP-0035,Empaque calibre/ref 39,empaque,unidad,391712,PROV-34,17,100,500
MP-0031,Pintura calibre/ref 18,Pintura,kg,324073,PROV-17,13,100,500
MP-0018,Adhesivos calibre/ref 8,PEGANTE,kg,91904,PROV-07,11,100,500
MP-0271,Vidrio calibre/ref 17,vidrio,m2,6198,PROV-18,10,100,500
MP-0361,Tubería calibre/ref 32,Tubería,m,1316,PROV-23,17,100,500
MP-0150,Correderas calibre/ref 9,Correderas,par,40425,PROV-21,10,100,500
MP-0295,Pintura calibre/ref 28,PINTURA,kg,12068,PROV-12,9,100,500
MP-0047,Correderas calibre/ref 20,CORREDERA,par,60848,PROV-34,12,100,500
MP-0116,Pintura calibre/ref 38,pintura electrostatica,kg,49643,PROV-09,9,100,500
MP-0084,Adhesivos calibre/ref 1,PEGANTE,kg,26907,PROV-34,7,100,500
MP-90185,Tornillería (dup),Torn.,unidad,13693,PROV-23,9,100,500
MP-0045,Correderas calibre/ref 3,CORREDERA,par,62696,PROV-09,6,100,500
MP-0372,Pintura calibre/ref 3,PINTURA,kg,7801,PROV-02,7,100,500
MP-0310,Pintura calibre/ref 7,pintura electrostatica,kg,11146,PROV-26,12,100,500
MP-0136,Tubería calibre/ref 19,tuberia,m,50144,PROV-03,,100,500
MP-0011,Adhesivos calibre/ref 36,Adhesivos,kg,356026,PROV-17,20,100,500
MP-90127,Pintura (dup),Pintura,kg,19690,PROV-19,8,100,500
MP-0211,Empaque calibre/ref 29,Empaque,unidad,5707,PROV-35,16,100,500
MP-0283,Empaque calibre/ref 40,Empaque,unidad,10720,PROV-20,8,100,500
MP-0074,Empaque calibre/ref 27,EMPAQUES,unidad,57757,PROV-01,6,100,500
MP-0249,Vidrio calibre/ref 19,vidrio,m2,13337,PROV-29,,100,500
MP-0177,Pintura calibre/ref 4,PINTURA,kg,929,PROV-17,8,100,500
MP-0015,Empaque calibre/ref 15,Empaque,unidad,151416,PROV-03,15,100,500
MP-0235,Empaque calibre/ref 3,empaque,unidad,6681,PROV-28,6,100,500
MP-0418,Pintura calibre/ref 21,Pintura,kg,14607,PROV-29,8,100,500
MP-0227,Vidrio calibre/ref 28,Vidrio,m2,2521,PROV-24,13,100,500
MP-0315,Tornillería calibre/ref 19,tornilleria,unidad,447,PROV-04,7,100,500
MP-0026,Empaque calibre/ref 21,Empaque,unidad,393154,PROV-28,11,100,500
MP-0359,Tubería calibre/ref 1,TUBERIA,m,13436,PROV-27,11,100,500
MP-0041,Empaque calibre/ref 15,EMPAQUES,unidad,33775,PROV-26,9,100,500
MP-0403,Vidrio calibre/ref 10,Vidrio,m2,7247,PROV-32,7,100,500
MP-0224,Pintura calibre/ref 3,Pintura,kg,14481,PROV-30,13,100,500
MP-0290,Tubería calibre/ref 40,TUBERIA,m,14877,PROV-13,14,100,500
MP-0165,Lámina calibre/ref 3,lamina,lámina,14129,PROV-02,9,100,500
MP-0023,Adhesivos calibre/ref 3,Adhesivos,kg,120113,PROV-26,16,100,500
MP-0388,Correderas calibre/ref 1,CORREDERA,par,3807,PROV-31,15,100,500
MP-0218,Pintura calibre/ref 24,PINTURA,kg,10287,PROV-07,6,100,500
MP-0259,Tubería calibre/ref 17,tuberia,m,1924,PROV-27,13,100,500
MP-0305,Lámina calibre/ref 30,lamina,lámina,4165,PROV-16,12,100,500
MP-0382,Adhesivos calibre/ref 5,PEGANTE,kg,12199,PROV-12,7,100,500
MP-0038,Adhesivos calibre/ref 34,Adhesivos,kg,307900,PROV-32,18,100,500
MP-0313,Tubería calibre/ref 38,tuberia,m,12338,PROV-07,7,100,500
MP-0246,Empaque calibre/ref 37,EMPAQUES,unidad,10117,PROV-05,13,100,500
MP-0048,Lámina calibre/ref 18,LAMINA AC,lámina,15566,PROV-07,8,100,500
MP-0101,Correderas calibre/ref 14,correderas,par,70351,PROV-16,7,100,500
MP-0075,Tubería calibre/ref 3,Tubería,m,30143,PROV-33,6,100,500
MP-0300,Adhesivos calibre/ref 39,Adhesivos,kg,6323,PROV-02,10,100,500
MP-0331,Adhesivos calibre/ref 13,adhesivo,kg,14953,PROV-30,6,100,500
MP-0106,Correderas calibre/ref 37,CORREDERA,par,22268,PROV-24,10,100,500
MP-0287,Lámina calibre/ref 3,lamina,lámina,13398,PROV-07,10,100,500
MP-0191,Correderas calibre/ref 34,Correderas,par,12700,PROV-05,13,100,500
MP-0004,Vidrio calibre/ref 33,Vidrio,m2,385136,PROV-20,12,100,500
MP-0172,Correderas calibre/ref 21,correderas,par,11722,PROV-04,11,100,500
MP-0329,Vidrio calibre/ref 2,Vidrio,m2,4253,PROV-03,12,100,500
MP-0351,Tubería calibre/ref 15,tuberia,m,11483,PROV-27,14,100,500
MP-0005,Adhesivos calibre/ref 2,Adhesivos,kg,141286,PROV-15,14,100,500
MP-0078,Pintura calibre/ref 14,pintura electrostatica,kg,56933,PROV-12,,100,500
MP-0396,Lámina calibre/ref 35,LAMINA AC,lámina,4858,PROV-09,13,100,500
MP-0234,Vidrio calibre/ref 13,Vidrio,m2,13458,PROV-34,11,100,500
MP-0057,Tornillería calibre/ref 18,tornilleria,unidad,65040,PROV-02,8,100,500
MP-0033,Pintura calibre/ref 16,PINTURA,kg,157770,PROV-15,16,100,500
MP-0017,Correderas calibre/ref 12,Correderas,par,165823,PROV-32,22,100,500
MP-0126,Vidrio calibre/ref 16,vidrio,m2,42475,PROV-23,13,100,500
MP-0321,Tornillería calibre/ref 25,Torn.,unidad,14487,PROV-06,11,100,500
MP-0174,Adhesivos calibre/ref 40,adhesivo,kg,13913,PROV-31,10,100,500
MP-0222,Tubería calibre/ref 3,tuberia,m,1810,PROV-11,15,100,500
MP-0102,Vidrio calibre/ref 26,Vidrio,m2,15942,PROV-34,,100,500
MP-0369,Correderas calibre/ref 12,correderas,par,8062,PROV-23,14,100,500
MP-0349,Empaque calibre/ref 23,EMPAQUES,unidad,3496,PROV-27,12,100,500
MP-0066,Pintura calibre/ref 18,Pintura,kg,21206,PROV-27,12,100,500
MP-0241,Adhesivos calibre/ref 30,Adhesivos,kg,6469,PROV-10,12,100,500
MP-0123,Tubería calibre/ref 14,tuberia,m,29806,PROV-26,,100,500
MP-0357,Correderas calibre/ref 28,CORREDERA,par,6420,PROV-26,12,100,500
MP-0239,Pintura calibre/ref 32,Pintura,kg,10488,PROV-13,15,100,500
MP-0154,Adhesivos calibre/ref 5,PEGANTE,kg,14258,PROV-09,16,100,500
MP-0152,Tubería calibre/ref 6,Tubería,m,10764,PROV-09,,100,500
MP-90206,Adhesivos (dup),PEGANTE,kg,15129,PROV-25,13,100,500
MP-0220,Tubería calibre/ref 13,tuberia,m,1498,PROV-19,,100,500
MP-0092,Pintura calibre/ref 37,PINTURA,kg,22184,PROV-11,,100,500
MP-0297,Tornillería calibre/ref 7,Tornillería,unidad,7673,PROV-02,,100,500
MP-0118,Vidrio calibre/ref 21,Vidrio,m2,71465,PROV-09,5,100,500
MP-0060,Correderas calibre/ref 39,CORREDERA,par,33628,PROV-25,17,100,500
MP-0404,Correderas calibre/ref 5,correderas,par,5831,PROV-06,10,100,500
MP-0114,Tornillería calibre/ref 15,tornilleria,unidad,34343,PROV-10,7,100,500
MP-0129,Correderas calibre/ref 12,CORREDERA,par,38308,PROV-18,12,100,500
MP-0036,Tubería calibre/ref 20,Tubería,m,339654,PROV-32,11,100,500
MP-0334,Tornillería calibre/ref 3,Torn.,unidad,9561,PROV-06,11,100,500
MP-0214,Tubería calibre/ref 5,Tubería,m,5690,PROV-02,7,100,500
MP-0059,Lámina calibre/ref 34,Lamina de acero,lámina,34481,PROV-24,10,100,500
MP-0043,Vidrio calibre/ref 37,Vidrio,m2,79081,PROV-31,11,100,500
MP-0003,Tornillería calibre/ref 31,tornilleria,unidad,178655,PROV-01,14,100,500
MP-0056,Adhesivos calibre/ref 8,adhesivo,kg,18750,PROV-35,7,100,500
MP-0247,Pintura calibre/ref 15,pintura electrostatica,kg,3903,PROV-27,,100,500
MP-0055,Tornillería calibre/ref 27,tornilleria,unidad,43990,PROV-02,13,100,500
MP-0270,Tornillería calibre/ref 8,Torn.,unidad,5780,PROV-15,8,100,500
MP-0151,Lámina calibre/ref 34,Lamina de acero,lámina,14596,PROV-12,12,100,500
MP-0284,Pintura calibre/ref 19,Pintura,kg,4906,PROV-06,9,100,500
MP-0108,Adhesivos calibre/ref 17,Adhesivos,kg,25925,PROV-06,12,100,500
MP-0399,Correderas calibre/ref 26,correderas,par,5285,PROV-15,,100,500
MP-0356,Tornillería calibre/ref 38,tornilleria,unidad,9738,PROV-30,,100,500
MP-0231,Vidrio calibre/ref 19,vidrio,m2,13541,PROV-08,14,100,500
MP-0090,Correderas calibre/ref 35,CORREDERA,par,48252,PROV-02,,100,500
MP-0336,Tornillería calibre/ref 24,Tornillería,unidad,10058,PROV-09,10,100,500
MP-0381,Correderas calibre/ref 25,CORREDERA,par,3956,PROV-27,10,100,500
MP-0032,Pintura calibre/ref 22,Pintura,kg,196328,PROV-03,12,100,500
MP-0343,Correderas calibre/ref 18,correderas,par,11205,PROV-11,11,100,500
MP-0344,Tornillería calibre/ref 2,tornilleria,unidad,6342,PROV-14,,100,500
MP-0139,Lámina calibre/ref 25,LAMINA AC,lámina,22444,PROV-03,9,100,500
MP-0029,Empaque calibre/ref 36,Empaque,unidad,310652,PROV-04,14,100,500
MP-0254,Lámina calibre/ref 18,Lamina de acero,lámina,8919,PROV-25,12,100,500
MP-0384,Correderas calibre/ref 33,correderas,par,14848,PROV-05,14,100,500
MP-0228,Adhesivos calibre/ref 29,Adhesivos,kg,3210,PROV-05,8,100,500
MP-0213,Vidrio calibre/ref 15,Vidrio,m2,13735,PROV-34,16,100,500
MP-0342,Adhesivos calibre/ref 8,PEGANTE,kg,973,PROV-18,9,100,500
MP-0013,Adhesivos calibre/ref 1,PEGANTE,kg,361794,PROV-06,18,100,500
MP-0216,Empaque calibre/ref 28,empaque,unidad,12449,PROV-16,12,100,500
MP-0256,Pintura calibre/ref 23,pintura electrostatica,kg,1070,PROV-29,5,100,500
MP-0303,Vidrio calibre/ref 6,Vidrio,m2,8849,PROV-25,10,100,500
MP-0319,Lámina calibre/ref 38,Lamina de acero,lámina,6387,PROV-13,12,100,500
MP-0264,Tornillería calibre/ref 10,tornilleria,unidad,13222,PROV-35,6,100,500
MP-0002,Adhesivos calibre/ref 23,PEGANTE,kg,98702,PROV-02,23,100,500
MP-0175,Vidrio calibre/ref 36,Vidrio,m2,7539,PROV-12,,100,500
MP-0221,Tornillería calibre/ref 9,Tornillería,unidad,3107,PROV-14,15,100,500
MP-0163,Tornillería calibre/ref 21,Tornillería,unidad,6781,PROV-11,,100,500
MP-0159,Pintura calibre/ref 5,Pintura,kg,4449,PROV-21,,100,500
MP-0058,Empaque calibre/ref 13,EMPAQUES,unidad,64400,PROV-25,6,100,500
MP-0335,Correderas calibre/ref 16,CORREDERA,par,6995,PROV-05,8,100,500
MP-0260,Tornillería calibre/ref 38,Tornillería,unidad,3134,PROV-13,17,100,500
MP-0049,Tubería calibre/ref 22,TUBERIA,m,27515,PROV-05,13,100,500
MP-0347,Correderas calibre/ref 37,Correderas,par,7263,PROV-02,7,100,500
MP-0370,Tubería calibre/ref 21,Tubería,m,13919,PROV-35,15,100,500
MP-0416,Adhesivos calibre/ref 8,Adhesivos,kg,13658,PROV-31,13,100,500
MP-0352,Tubería calibre/ref 27,Tubería,m,1179,PROV-11,9,100,500
MP-0183,Tubería calibre/ref 20,Tubería,m,12482,PROV-20,15,100,500
MP-0252,Correderas calibre/ref 9,CORREDERA,par,8477,PROV-18,13,100,500
MP-0162,Pintura calibre/ref 30,PINTURA,kg,6439,PROV-09,12,100,500
MP-0212,Adhesivos calibre/ref 28,Adhesivos,kg,14895,PROV-35,10,100,500
MP-0009,Empaque calibre/ref 27,empaque,unidad,256746,PROV-10,18,100,500
MP-0273,Pintura calibre/ref 24,pintura electrostatica,kg,9058,PROV-24,8,100,500
MP-0127,Pintura calibre/ref 17,Pintura,kg,17887,PROV-19,,100,500
MP-0250,Correderas calibre/ref 9,CORREDERA,par,12978,PROV-02,15,100,500
MP-0119,Tubería calibre/ref 23,TUBERIA,m,55990,PROV-19,10,100,500
MP-0160,Correderas calibre/ref 31,Correderas,par,6056,PROV-28,12,100,500
MP-0107,Lámina calibre/ref 39,Lámina,lámina,69513,PROV-07,14,100,500
MP-0050,Pintura calibre/ref 32,pintura electrostatica,kg,63500,PROV-26,6,100,500
MP-0149,Tubería calibre/ref 15,TUBERIA,m,32103,PROV-34,5,100,500
MP-0362,Tubería calibre/ref 26,TUBERIA,m,10899,PROV-07,8,100,500
MP-0354,Tornillería calibre/ref 38,Torn.,unidad,11160,PROV-15,5,100,500
MP-0376,Tornillería calibre/ref 37,Tornillería,unidad,4456,PROV-32,15,100,500
MP-0146,Lámina calibre/ref 23,Lamina de acero,lámina,31220,PROV-33,6,100,500
MP-0333,Tornillería calibre/ref 2,tornilleria,unidad,13687,PROV-21,7,100,500
MP-0122,Pintura calibre/ref 13,PINTURA,kg,31481,PROV-14,5,100,500
MP-90337,Tornillería (dup),tornilleria,unidad,3467,PROV-13,5,100,500
MP-0412,Tornillería calibre/ref 3,Torn.,unidad,1187,PROV-28,10,100,500
MP-0378,Tubería calibre/ref 25,Tubería,m,6961,PROV-15,8,100,500
MP-0285,Pintura calibre/ref 15,PINTURA,kg,11740,PROV-08,,100,500
MP-0016,Adhesivos calibre/ref 24,PEGANTE,kg,142723,PROV-30,15,100,500
MP-0133,Tornillería calibre/ref 9,tornilleria,unidad,24738,PROV-01,9,100,500
MP-0323,Adhesivos calibre/ref 14,adhesivo,kg,1501,PROV-22,12,100,500
MP-0244,Pintura calibre/ref 37,PINTURA,kg,6572,PROV-15,16,100,500
MP-0052,Vidrio calibre/ref 30,Vidrio,m2,35381,PROV-14,11,100,500
MP-0375,Adhesivos calibre/ref 31,PEGANTE,kg,2599,PROV-02,9,100,500
