orden_compra,fecha_pedido,sku,cantidad,proveedor,fecha_promesa,fecha_recepcion,costo_unitario
OC-5493,2024-09-16,MP-0033,2131,PROV-15,2024-10-02,2024-10-29,157770
OC-5411,2026-02-13,MP-0030,2074,PROV-27,2026-03-01,2026-03-03,284982
OC-6153,2025-08-09,MP-0145,263,PROV-30,2025-08-16,2025-08-23,22774
OC-5769,2025-09-04,MP-0074,272,PROV-01,2025-09-10,2025-09-15,57757
OC-6017,2026-01-12,MP-0121,437,PROV-16,2026-01-21,2026-01-24,50877
OC-5613,2025-11-26,MP-0044,464,PROV-06,2025-12-01,2035-12-06,64011
OC-6011,2025-02-16,MP-0120,376,PROV-01,2025-03-02,2025-03-10,57256
OC-5138,2024-08-06,MP-0011,2095,PROV-17,2024-08-26,2024-09-08,356026
OC-6332,2025-02-27,MP-0287,62,PROV-07,2025-03-09,2025-03-26,13398
OC-6318,2025-05-12,MP-0274,30,PROV-22,2025-05-20,2025-05-22,8520
OC-6119,2025-03-27,MP-0138,241,PROV-21,2025-04-05,2025-04-16,68215
OC-5351,2026-03-04,MP-0025,698,PROV-24,2026-03-23,2026-04-19,216530
OC-5198,2024-11-27,MP-0015,609,PROV-03,2024-12-12,2024-12-25,151416
OC-6363,2026-05-13,MP-0316,15,PROV-07,2026-05-24,2026-06-12,10502
OC-5384,2026-05-10,MP-0028,860,PROV-06,2026-05-29,2026-06-16,367530
OC-6131,2025-10-03,MP-0140,157,PROV-20,2025-10-12,2025-10-29,69076
OC-5893,2025-11-08,MP-0097,208,PROV-30,2025-11-18,2025-11-18,56581
OC-5927,2025-06-12,MP-0102,157,PROV-34,2025-06-21,2025-07-05,15942
OC-5409,2025-10-07,MP-0030,1311,PROV-27,2025-10-23,2025-11-06,284982
OC-6009,2024-11-08,MP-0120,381,PROV-01,2024-11-22,2024-11-30,57256
OC-5258,2025-03-06,MP-0018,1755,PROV-07,2025-03-17,2025-04-06,91904
OC-5784,2026-06-04,MP-0077,431,PROV-34,2026-06-21,2026-07-01,66191
OC-5037,2026-05-13,MP-0004,893,PROV-20,2026-05-25,2026-06-03,385136
OC-5267,2025-07-10,MP-0019,652,PROV-31,2025-07-27,2025-08-20,81958
OC-5264,2024-08-10,MP-0019,419,PROV-31,2024-08-27,2024-09-05,81958
OC-5069,2025-04-07,MP-0005,1265,PROV-15,2025-04-21,2025-04-30,141286
OC-5319,2025-12-20,MP-0023,1831,PROV-26,2026-01-05,,120113
OC-5897,2025-02-16,MP-0098,277,PROV-18,2025-02-21,,16242
OC-6460,2025-07-27,MP-0409,88,PROV-26,2025-08-02,2025-08-08,13425
OC-5550,2026-01-13,MP-0037,602,PROV-34,2026-01-26,2026-02-11,101283
OC-6164,2026-01-05,MP-0146,312,PROV-33,2026-01-11,2026-01-18,31220
OC-5861,2025-06-07,MP-0091,217,PROV-11,2025-06-18,2025-06-23,75896
OC-5948,2025-06-05,MP-0106,290,PROV-24,2025-06-15,2025-06-21,22268
OC-5867,2024-08-02,MP-0092,240,PROV-11,2024-08-13,2024-09-06,22184
OC-6079,2025-12-12,MP-0131,278,PROV-35,2025-12-21,2026-01-03,37576
OC-5870,2026-05-02,MP-0093,362,PROV-20,2026-05-09,2026-05-14,67888
OC-5545,2024-08-25,MP-0037,792,PROV-34,2024-09-07,2024-09-23,101283
OC-5947,2024-08-25,MP-0106,347,PROV-24,2024-09-04,2024-09-09,22268
OC-5158,2025-01-08,MP-0012,765,PROV-29,2025-01-22,2025-02-15,260365
OC-5670,2025-04-14,MP-0054,221,PROV-35,2025-04-20,2025-05-06,52942
OC-6463,2025-12-08,MP-0412,13,PROV-28,2025-12-18,2025-12-19,1187
OC-5546,2025-11-14,MP-0037,670,PROV-34,2025-11-27,2025-12-04,101283
OC-5751,2024-10-31,MP-0070,217,PROV-16,2024-11-09,2024-11-25,57954
OC-6043,2025-11-13,MP-0126,347,PROV-23,2025-11-26,2025-12-15,42475
OC-5139,2025-09-01,MP-0011,2075,PROV-17,2025-09-21,2025-10-05,356026
OC-5684,2025-03-05,MP-0057,341,PROV-02,2025-03-13,2025-03-21,65040
OC-5021,2025-02-25,MP-0002,1432,PROV-02,2025-03-20,2025-04-03,98702
OC-5978,2025-04-14,MP-0113,157,PROV-11,2025-04-21,2025-05-01,60878
OC-5780,2026-06-06,MP-0077,557,PROV-34,2026-06-23,2026-07-03,66191
OC-5970,2026-02-24,MP-0110,223,PROV-26,2026-03-04,2026-03-02,70066
OC-5330,2026-01-25,MP-0023,1791,PROV-26,2026-02-10,2026-03-07,120113
OC-5061,2025-12-07,MP-0005,1064,PROV-15,2025-12-21,2026-01-04,141286
OC-5010,2025-10-01,MP-0002,1303,PROV-02,2025-10-24,,98702
OC-5268,2025-07-14,MP-0019,396,PROV-31,2025-07-31,2025-08-17,81958
OC-5122,2024-08-04,MP-0010,1685,PROV-24,2024-08-24,2024-08-19,244981
OC-5636,2026-03-09,MP-0048,236,PROV-07,2026-03-17,2026-03-22,15566
OC-6026,2025-07-07,MP-0123,425,PROV-26,2025-07-22,2025-08-02,29806
OC-5812,2025-02-02,MP-0084,272,PROV-34,2025-02-09,2025-02-19,26907
OC-5814,2025-09-24,MP-0084,473,PROV-34,2025-10-01,2025-10-03,26907
OC-5088,2026-02-24,MP-0008,765,PROV-20,2026-03-16,2026-03-15,310890
OC-5306,2025-07-03,MP-0022,994,PROV-07,2025-07-16,2025-07-19,173118
OC-5826,2025-08-08,MP-0087,338,PROV-23,2025-08-16,2025-08-21,77924
OC-6160,2026-06-23,MP-0146,288,PROV-33,2026-06-29,2026-07-02,31220
OC-6023,2024-08-28,MP-0122,74,PROV-14,2024-09-02,,31481
OC-5349,2025-11-08,MP-0024,1329,PROV-31,2025-11-28,2025-12-08,223650
OC-5316,2024-09-21,MP-0023,1450,PROV-26,2024-10-07,2024-10-18,120113
OC-6272,2025-09-05,MP-0229,76,PROV-03,2025-09-17,2025-09-21,7426
OC-5183,2025-09-11,MP-0014,1000,PROV-26,2025-09-20,2025-09-26,234603
OC-6403,2025-08-29,MP-0354,14,PROV-15,2025-09-03,2025-09-06,11160
OC-6290,2025-07-30,MP-0247,36,PROV-27,2025-08-09,2025-08-31,3903
OC-5047,2025-04-11,MP-0004,954,PROV-20,2025-04-23,2025-04-30,385136
OC-6132,2025-10-22,MP-0140,109,PROV-20,2025-10-31,2025-11-02,69076
OC-6245,2026-03-30,MP-0203,95,PROV-19,2026-04-13,2026-04-16,13450
OC-6074,2025-08-25,MP-0130,441,PROV-11,2025-09-04,2025-09-09,74019
OC-5966,2025-03-24,MP-0110,219,PROV-26,2025-04-01,2025-04-09,70066
OC-5534,2025-12-14,MP-0036,355,PROV-32,2025-12-25,2025-12-31,339654
OC-6234,2025-11-16,MP-0192,35,PROV-01,2025-11-26,2025-12-04,10044
OC-5640,2024-11-14,MP-0048,367,PROV-07,2024-11-22,2024-12-06,15566
OC-5657,2026-06-02,MP-0051,424,PROV-15,2026-06-16,2026-06-30,68499
OC-5389,2026-04-08,MP-0028,937,PROV-06,2026-04-27,2026-05-12,367530
OC-5991,2024-09-29,MP-0116,169,PROV-09,2024-10-08,2024-10-17,49643
OC-5998,2024-09-27,MP-0118,282,PROV-09,2024-10-02,2024-10-08,71465
OC-5869,2025-08-30,MP-0093,371,PROV-20,2025-09-06,2025-09-13,67888
OC-6357,2025-07-30,MP-0312,3,PROV-09,2025-08-11,2025-08-26,7466
OC-6252,2024-12-02,MP-0210,59,PROV-03,2024-12-10,2024-12-08,7603
OC-5907,2026-01-16,MP-0099,377,PROV-17,2026-01-22,,42946
OC-5682,2025-11-11,MP-0056,219,PROV-35,2025-11-18,2025-11-21,18750
OC-6216,2026-05-02,MP-0175,53,PROV-12,2026-05-16,2026-05-20,7539
OC-5895,2026-04-06,MP-0098,280,PROV-18,2026-04-11,2026-04-17,16242
OC-6308,2024-12-11,MP-0264,92,PROV-35,2024-12-17,,13222
OC-6134,2026-02-08,MP-0141,343,PROV-32,2026-02-14,2026-02-22,20387
OC-6364,2025-09-24,MP-0317,54,PROV-32,2025-10-02,2025-10-12,6640
OC-6342,2025-03-26,MP-0297,23,PROV-02,2025-04-03,2025-04-20,7673
OC-6078,2026-03-06,MP-0131,395,PROV-35,2026-03-15,2026-03-20,37576
OC-5003,2025-05-01,MP-0001,380,PROV-02,2025-05-12,2025-05-28,299035
OC-5185,2025-01-24,MP-0014,1136,PROV-26,2025-02-02,2025-02-14,234603
OC-6353,2025-11-09,MP-0308,86,PROV-34,2025-11-15,2025-11-27,8450
OC-5848,2024-07-01,MP-0089,298,PROV-14,2024-07-10,2024-07-12,56054
OC-6223,2025-12-28,MP-0181,47,PROV-10,2026-01-03,2026-01-06,3549
OC-5486,2024-10-10,MP-0033,1776,PROV-15,2024-10-26,2024-11-01,157770
OC-6183,2025-03-04,MP-0149,224,PROV-34,2025-03-09,2025-03-15,32103
OC-6186,2024-10-22,MP-0149,206,PROV-34,2024-10-27,2024-10-30,32103
OC-5449,2025-10-03,MP-0032,1953,PROV-03,2025-10-15,2025-10-22,196328
OC-5781,2026-04-25,MP-0077,374,PROV-34,2026-05-12,,66191
OC-5879,2024-11-07,MP-0094,382,PROV-11,2024-11-19,2024-12-01,40900
OC-5173,2025-03-10,MP-0013,1422,PROV-06,2025-03-28,2025-04-22,361794
OC-6181,2026-02-24,MP-0148,121,PROV-15,2026-03-07,2026-03-12,74617
OC-6405,2026-06-11,MP-0356,14,PROV-30,2026-06-23,2026-07-03,9738
OC-5882,2025-08-04,MP-0095,305,PROV-08,2025-08-12,,49436
OC-5126,2025-04-21,MP-0010,1473,PROV-24,2025-05-11,2025-05-20,244981
OC-5401,2026-05-05,MP-0029,1127,PROV-04,2026-05-19,2026-06-04,310652
OC-6022,2024-07-08,MP-0122,86,PROV-14,2024-07-13,2024-07-15,31481
OC-5004,2026-01-14,MP-0001,485,PROV-02,2026-01-25,2026-02-13,299035
OC-5658,2025-01-05,MP-0051,387,PROV-15,2025-01-19,2025-01-26,68499
OC-6185,2026-02-03,MP-0149,179,PROV-34,2026-02-08,2026-02-11,32103
OC-5921,2026-04-11,MP-0101,203,PROV-16,2026-04-18,2026-04-19,70351
OC-5738,2026-04-03,MP-0067,377,PROV-04,2026-04-14,2026-04-29,65561
OC-5163,2024-11-13,MP-0012,915,PROV-29,2024-11-27,,260365
OC-6365,2025-11-13,MP-0318,101,PROV-34,2025-11-19,2025-11-22,13277
OC-5768,2025-09-02,MP-0074,272,PROV-01,2025-09-08,2025-09-14,57757
OC-5145,2025-06-23,MP-0011,1312,PROV-17,2025-07-13,2025-08-07,356026
OC-5676,2025-07-21,MP-0055,240,PROV-02,2025-08-03,2025-08-17,43990
OC-5418,2024-07-03,MP-0030,2153,PROV-27,2024-07-19,2024-07-13,284982
OC-6333,2025-10-03,MP-0288,17,PROV-13,2025-10-11,2025-10-22,3660
OC-6461,2025-12-01,MP-0410,19,PROV-21,2025-12-14,2025-12-25,4345
OC-6040,2024-11-20,MP-0125,290,PROV-12,2024-11-26,2024-11-28,76778
OC-5746,2025-06-02,MP-0069,514,PROV-16,2025-06-14,2025-07-06,44153
OC-5131,2026-06-12,MP-0010,1961,PROV-24,2026-07-02,2026-07-26,244981
OC-5005,2026-01-21,MP-0001,498,PROV-02,2026-02-01,2026-02-16,299035
OC-5305,2025-08-12,MP-0022,961,PROV-07,2025-08-25,2025-09-11,173118
OC-6170,2025-11-21,MP-0147,480,PROV-28,2025-12-01,2025-12-03,48242
OC-6421,2026-06-16,MP-0372,49,PROV-02,2026-06-23,2026-07-07,7801
OC-6070,2024-12-21,MP-0130,467,PROV-11,2024-12-31,2025-01-06,74019
OC-5884,2026-01-02,MP-0095,310,PROV-08,2026-01-10,2026-01-17,49436
OC-5527,2025-05-13,MP-0035,1226,PROV-34,2025-05-30,2025-06-23,391712
OC-5337,2024-11-19,MP-0024,1382,PROV-31,2024-12-09,2024-12-18,223650
OC-6399,2024-08-13,MP-0350,26,PROV-11,2024-08-22,2024-08-24,7054
OC-5985,2025-11-07,MP-0115,234,PROV-18,2025-11-16,2025-11-28,26639
OC-5091,2026-01-02,MP-0008,905,PROV-20,2026-01-22,2026-02-06,310890
OC-5584,2026-05-06,MP-0040,1410,PROV-31,2026-05-23,2026-06-06,143609
OC-5448,2025-03-23,MP-0032,1783,PROV-03,2025-04-04,2025-04-14,196328
OC-6330,2025-12-24,MP-0286,80,PROV-06,2025-12-31,2026-01-02,8518
OC-5492,2025-06-22,MP-0033,1205,PROV-15,2025-07-08,2025-07-17,157770
OC-5655,2025-01-30,MP-0051,376,PROV-15,2025-02-13,2025-02-12,68499
OC-5772,2024-10-12,MP-0074,313,PROV-01,2024-10-18,2024-10-22,57757
OC-6340,2024-11-05,MP-0295,40,PROV-12,2024-11-14,2024-11-21,12068
OC-5501,2024-10-08,MP-0034,1400,PROV-03,2024-10-26,,318023
OC-5654,2024-08-22,MP-0050,541,PROV-26,2024-08-28,2024-09-07,63500
OC-5303,2024-10-21,MP-0022,1433,PROV-07,2024-11-03,2024-11-17,173118
OC-5648,2026-05-03,MP-0050,586,PROV-26,2026-05-09,2026-05-14,63500
OC-5730,2026-02-18,MP-0065,245,PROV-13,2026-03-01,2026-03-11,35988
OC-5713,2024-10-02,MP-0061,222,PROV-23,2024-10-13,2024-10-22,53880
OC-6228,2026-02-09,MP-0186,48,PROV-08,2026-02-25,2026-03-06,14860
OC-5454,2026-02-09,MP-0032,1585,PROV-03,2026-02-21,2026-02-28,196328
OC-5681,2026-06-04,MP-0056,269,PROV-35,2026-06-11,,18750
OC-6162,2025-03-10,MP-0146,297,PROV-33,2025-03-16,2025-03-17,31220
OC-5633,2025-03-30,MP-0047,268,PROV-34,2025-04-11,2025-04-26,60848
OC-6198,2024-10-09,MP-0158,63,PROV-21,2024-10-19,2024-10-23,9120
OC-5941,2025-05-08,MP-0103,333,PROV-09,2025-05-16,2025-05-19,50643
OC-5799,2025-06-30,MP-0081,239,PROV-04,2025-07-10,2025-07-15,29017
OC-6292,2026-03-15,MP-0249,84,PROV-29,2026-04-01,2026-04-22,13337
OC-5226,2025-02-03,MP-0017,1684,PROV-32,2025-02-25,2025-03-09,165823
OC-6441,2026-05-06,MP-0391,44,PROV-06,2026-05-21,,8995
OC-5447,2026-05-05,MP-0032,1658,PROV-03,2026-05-17,2026-05-20,196328
OC-6243,2026-06-23,MP-0201,67,PROV-31,2026-07-04,2026-07-23,13444
OC-6454,2025-01-28,MP-0403,78,PROV-32,2025-02-04,2025-02-13,7247
OC-6020,2025-06-29,MP-0121,496,PROV-16,2025-07-08,2025-07-10,50877
OC-6253,2025-06-20,MP-0211,36,PROV-35,2025-07-06,2025-07-17,5707
OC-5686,2024-07-19,MP-0057,336,PROV-02,2024-07-27,2024-08-06,65040
OC-5739,2025-02-16,MP-0067,401,PROV-04,2025-02-27,,65561
OC-5677,2025-03-06,MP-0055,382,PROV-02,2025-03-19,2025-03-27,43990
OC-6038,2025-10-14,MP-0125,420,PROV-12,2025-10-20,2025-10-24,76778
OC-5798,2026-06-05,MP-0081,274,PROV-04,2026-06-15,2026-06-27,29017
OC-5051,2026-04-27,MP-0004,1017,PROV-20,2026-05-09,2026-05-26,385136
OC-5363,2026-05-23,MP-0026,1134,PROV-28,2026-06-03,2026-06-20,393154
OC-5981,2025-08-10,MP-0114,283,PROV-10,2025-08-17,2025-08-23,34343
OC-5362,2025-07-30,MP-0026,753,PROV-28,2025-08-10,2025-08-18,393154
OC-5959,2025-05-01,MP-0108,318,PROV-06,2025-05-13,2025-05-21,25925
OC-5644,2024-12-28,MP-0050,336,PROV-26,2025-01-03,2025-01-16,63500
OC-6048,2026-02-06,MP-0127,184,PROV-19,2026-02-14,2026-02-23,17887
OC-6095,2025-02-13,MP-0134,216,PROV-25,2025-02-25,2025-02-27,64521
OC-5406,2025-01-29,MP-0029,1139,PROV-04,2025-02-12,2025-03-01,310652
OC-5856,2025-11-29,MP-0090,335,PROV-02,2025-12-11,2025-12-19,48252
OC-5168,2025-04-27,MP-0013,1014,PROV-06,2025-05-15,2025-05-27,361794
OC-6116,2025-02-05,MP-0137,402,PROV-09,2025-02-11,2025-02-15,39144
OC-6296,2025-03-16,MP-0253,28,PROV-29,2025-03-26,2025-04-02,9356
OC-5961,2025-03-03,MP-0109,225,PROV-19,2025-03-14,2025-03-19,60010
OC-6120,2025-11-11,MP-0138,352,PROV-21,2025-11-20,2025-12-01,68215
OC-6174,2025-07-12,MP-0147,410,PROV-28,2025-07-22,2025-07-23,48242
OC-6225,2024-10-17,MP-0183,15,PROV-20,2024-11-01,2024-11-14,12482
OC-5405,2024-09-24,MP-0029,1606,PROV-04,2024-10-08,2024-10-18,310652
OC-5583,2025-07-31,MP-0040,1703,PROV-31,2025-08-17,2025-08-25,143609
OC-6354,2025-11-01,MP-0309,3,PROV-29,2025-11-12,,6190
OC-5050,2025-07-24,MP-0004,799,PROV-20,2025-08-05,2025-08-24,385136
OC-5380,2025-09-27,MP-0027,570,PROV-27,2025-10-13,2025-11-04,179174
OC-6281,2024-08-31,MP-0238,70,PROV-15,2024-09-06,2024-09-10,12403
OC-5782,2024-10-11,MP-0077,545,PROV-34,2024-10-28,2024-10-27,66191
OC-5479,2025-04-27,MP-0033,2141,PROV-15,2025-05-13,2025-05-23,157770
OC-5757,2024-11-10,MP-0071,281,PROV-18,2024-11-20,2024-12-18,64609
OC-5417,2025-12-21,MP-0030,1832,PROV-27,2026-01-06,2026-01-06,284982
OC-5982,2024-09-14,MP-0114,245,PROV-10,2024-09-21,2024-09-24,34343
OC-5934,2026-06-25,MP-0103,330,PROV-09,2026-07-03,2026-07-05,50643
OC-5465,2024-08-02,MP-0032,1431,PROV-03,2024-08-14,2024-08-25,196328
OC-5322,2025-02-23,MP-0023,1356,PROV-26,2025-03-11,2025-03-18,120113
OC-6122,2026-01-23,MP-0138,262,PROV-21,2026-02-01,2026-02-09,68215
OC-6283,2025-01-07,MP-0240,18,PROV-07,2025-01-17,2025-01-23,6284
OC-5397,2025-11-09,MP-0029,911,PROV-04,2025-11-23,2025-11-30,310652
OC-6275,2025-05-05,MP-0232,46,PROV-02,2025-05-13,,8859
OC-5263,2025-06-17,MP-0019,546,PROV-31,2025-07-04,2025-07-08,81958
OC-6448,2025-05-08,MP-0398,43,PROV-25,2025-05-19,,653
OC-5752,2025-01-28,MP-0070,207,PROV-16,2025-02-06,2025-02-16,57954
OC-5081,2024-07-24,MP-0007,893,PROV-01,2024-08-10,2024-08-25,313781
OC-6467,2025-02-28,MP-0416,49,PROV-31,2025-03-13,2025-03-30,13658
OC-6334,2025-05-26,MP-0289,30,PROV-30,2025-06-08,2025-06-12,10185
OC-5217,2026-01-18,MP-0016,1104,PROV-30,2026-02-02,2026-02-15,142723
OC-6065,2026-06-06,MP-0129,477,PROV-18,2026-06-18,2026-07-10,38308
OC-6109,2026-01-10,MP-0136,212,PROV-03,2026-01-26,2026-01-25,50144
OC-5040,2025-11-26,MP-0004,883,PROV-20,2025-12-08,2025-12-12,385136
OC-6422,2025-11-23,MP-0373,57,PROV-03,2025-12-03,2025-12-15,13149
OC-5105,2026-03-13,MP-0009,1503,PROV-10,2026-03-31,,256746
OC-6150,2026-01-19,MP-0144,191,PROV-02,2026-01-29,2026-02-12,49362
OC-5109,2025-08-12,MP-0009,1233,PROV-10,2025-08-30,2025-09-27,256746
OC-5611,2025-10-14,MP-0044,355,PROV-06,2025-10-19,2025-10-20,64011
OC-5898,2025-08-29,MP-0098,276,PROV-18,2025-09-03,2035-09-11,16242
OC-5289,2025-04-13,MP-0021,708,PROV-03,2025-04-26,2025-05-09,188399
OC-5789,2025-12-24,MP-0079,121,PROV-27,2026-01-08,2026-01-25,61211
OC-6404,2025-06-26,MP-0355,37,PROV-05,2025-07-01,,13636
OC-5467,2025-04-30,MP-0032,1754,PROV-03,2025-05-12,2025-05-29,196328
OC-6412,2025-04-24,MP-0363,47,PROV-05,2025-05-09,2025-05-15,8678
OC-5965,2025-10-01,MP-0110,210,PROV-26,2025-10-09,2025-10-10,70066
OC-5056,2026-02-07,MP-0005,1067,PROV-15,2026-02-21,2026-02-27,141286
OC-5119,2026-05-18,MP-0010,2140,PROV-24,2026-06-07,2026-07-03,244981
OC-6155,2025-05-24,MP-0145,295,PROV-30,2025-05-31,2035-06-01,22774
OC-5498,2024-10-10,MP-0034,1617,PROV-03,2024-10-28,2024-12-01,318023
OC-6146,2025-05-10,MP-0143,128,PROV-10,2025-05-21,2025-05-27,78410
OC-6470,2025-05-27,MP-0419,25,PROV-34,2025-06-05,2025-06-11,10429
OC-5587,2025-08-20,MP-0040,1591,PROV-31,2025-09-06,2025-09-18,143609
OC-6125,2026-02-12,MP-0138,212,PROV-21,2026-02-21,2026-03-04,68215
OC-5574,2026-01-21,MP-0040,1825,PROV-31,2026-02-07,2026-02-17,143609
OC-5325,2025-02-24,MP-0023,2052,PROV-26,2025-03-12,2025-04-01,120113
OC-5551,2025-11-09,MP-0038,630,PROV-32,2025-11-27,2025-11-26,307900
OC-6398,2025-02-11,MP-0349,18,PROV-27,2025-02-23,2025-03-08,3496
OC-6462,2026-01-27,MP-0411,34,PROV-03,2026-02-10,2026-02-24,2329
OC-6158,2024-12-25,MP-0145,372,PROV-30,2025-01-01,,22774
OC-6218,2025-07-27,MP-0176,70,PROV-23,2025-08-01,2025-08-03,579
OC-5601,2026-01-13,MP-0043,189,PROV-31,2026-01-24,2026-01-27,79081
OC-6202,2024-09-13,MP-0162,19,PROV-09,2024-09-25,2024-10-01,6439
OC-5308,2025-10-26,MP-0022,1020,PROV-07,2025-11-08,2025-11-22,173118
OC-5610,2025-02-11,MP-0044,442,PROV-06,2025-02-16,2025-02-15,64011
OC-5736,2026-04-01,MP-0067,340,PROV-04,2026-04-12,2026-04-15,65561
OC-5383,2025-01-07,MP-0028,969,PROV-06,2025-01-26,2025-02-18,367530
OC-5957,2025-02-12,MP-0108,220,PROV-06,2025-02-24,2025-03-07,25925
OC-6027,2025-07-26,MP-0123,275,PROV-26,2025-08-10,2025-08-17,29806
OC-6235,2025-02-21,MP-0193,20,PROV-32,2025-03-03,2025-03-06,2415
OC-5160,2025-08-03,MP-0012,893,PROV-29,2025-08-17,2025-09-02,260365
OC-5361,2026-01-25,MP-0026,941,PROV-28,2026-02-05,2026-02-16,393154
OC-6066,2025-03-01,MP-0129,412,PROV-18,2025-03-13,2025-03-28,38308
OC-6359,2025-05-30,MP-0313,93,PROV-07,2025-06-06,2025-06-14,12338
OC-5140,2024-12-23,MP-0011,1088,PROV-17,2025-01-12,2025-01-25,356026
OC-5260,2024-10-24,MP-0018,1101,PROV-07,2024-11-04,2024-11-15,91904
OC-6161,2024-08-27,MP-0146,310,PROV-33,2024-09-02,2024-09-11,31220
OC-5672,2026-02-12,MP-0054,283,PROV-35,2026-02-18,2026-02-27,52942
OC-5230,2025-03-01,MP-0017,2180,PROV-32,2025-03-23,2025-04-15,165823
OC-5817,2025-03-18,MP-0084,500,PROV-34,2025-03-25,2025-04-01,26907
OC-5216,2026-06-19,MP-0016,1240,PROV-30,2026-07-04,2026-07-17,142723
OC-5704,2024-08-01,MP-0059,395,PROV-24,2024-08-11,2024-08-27,34481
OC-5227,2026-02-14,MP-0017,1479,PROV-32,2026-03-08,,165823
OC-6129,2025-09-25,MP-0139,185,PROV-03,2025-10-04,2025-10-16,22444
OC-5972,2026-01-07,MP-0111,178,PROV-08,2026-01-16,2026-01-30,71165
OC-5561,2026-05-18,MP-0039,836,PROV-26,2026-06-06,,395252
OC-6464,2026-02-03,MP-0413,90,PROV-15,2026-02-10,2026-02-15,332
OC-6410,2026-06-14,MP-0361,22,PROV-23,2026-07-01,2026-07-05,1316
OC-5864,2025-05-15,MP-0092,294,PROV-11,2025-05-26,2025-06-05,22184
OC-5046,2024-12-05,MP-0004,1257,PROV-20,2024-12-17,2025-01-03,385136
OC-5314,2025-12-10,MP-0023,1962,PROV-26,2025-12-26,2026-01-22,120113
OC-5802,2025-05-21,MP-0082,158,PROV-14,2025-05-28,2025-06-03,23972
OC-5980,2025-07-26,MP-0114,284,PROV-10,2025-08-02,2025-08-09,34343
OC-6018,2025-04-11,MP-0121,280,PROV-16,2025-04-20,2025-04-28,50877
OC-5662,2025-11-20,MP-0053,349,PROV-21,2025-12-02,2025-12-27,21843
OC-5034,2025-09-08,MP-0003,866,PROV-01,2025-09-22,2025-10-03,178655
OC-5793,2025-03-02,MP-0080,185,PROV-24,2025-03-12,2025-03-19,39838
OC-5247,2026-01-11,MP-0018,1902,PROV-07,2026-01-22,2026-02-14,91904
OC-5376,2024-09-05,MP-0027,481,PROV-27,2024-09-21,2024-09-30,179174
OC-5564,2026-06-06,MP-0039,1235,PROV-26,2026-06-25,2026-07-14,395252
OC-5098,2025-02-06,MP-0009,1294,PROV-10,2025-02-24,2025-03-19,256746
OC-5298,2025-01-24,MP-0022,1082,PROV-07,2025-02-06,2025-02-10,173118
OC-5529,2024-08-14,MP-0035,1864,PROV-34,2024-08-31,2024-09-11,391712
OC-5899,2026-04-18,MP-0098,422,PROV-18,2026-04-23,2026-04-27,16242
OC-6212,2025-12-07,MP-0171,68,PROV-13,2025-12-19,2025-12-21,3672
OC-6271,2025-04-18,MP-0228,11,PROV-05,2025-04-26,2025-05-18,3210
OC-5210,2024-10-01,MP-0016,1094,PROV-30,2024-10-16,2024-10-16,142723
OC-5033,2024-11-27,MP-0003,636,PROV-01,2024-12-11,2035-12-27,178655
OC-5011,2024-07-07,MP-0002,1636,PROV-02,2024-07-30,2024-08-18,98702
OC-5120,2025-07-27,MP-0010,1707,PROV-24,2025-08-16,2025-09-13,244981
OC-6115,2025-11-23,MP-0137,471,PROV-09,2025-11-29,2025-12-06,39144
OC-5542,2024-10-29,MP-0037,893,PROV-34,2024-11-11,2024-11-17,101283
OC-5393,2024-09-22,MP-0029,1558,PROV-04,2024-10-06,2024-10-19,310652
OC-5262,2025-10-25,MP-0018,1383,PROV-07,2025-11-05,2025-11-12,91904
OC-6135,2024-10-25,MP-0141,317,PROV-32,2024-10-31,2024-11-01,20387
OC-5963,2025-02-02,MP-0109,291,PROV-19,2025-02-13,2025-02-18,60010
OC-5885,2024-10-22,MP-0095,313,PROV-08,2024-10-30,2024-11-06,49436
OC-5455,2025-06-26,MP-0032,1266,PROV-03,2025-07-08,2025-07-22,196328
OC-5045,2025-11-27,MP-0004,943,PROV-20,2025-12-09,2025-12-23,385136
OC-5165,2025-08-06,MP-0012,1234,PROV-29,2025-08-20,2025-09-06,260365
OC-5121,2026-06-02,MP-0010,1238,PROV-24,2026-06-22,2026-07-12,244981
OC-5937,2025-09-03,MP-0103,402,PROV-09,2025-09-11,2025-09-15,50643
OC-6071,2025-12-04,MP-0130,469,PROV-11,2025-12-14,2025-12-19,74019
OC-5832,2025-01-23,MP-0087,326,PROV-23,2025-01-31,2025-01-30,77924
OC-5697,2026-06-01,MP-0058,482,PROV-25,2026-06-07,2026-06-15,64400
OC-6168,2026-05-16,MP-0146,291,PROV-33,2026-05-22,2026-05-26,31220
OC-5559,2025-10-08,MP-0038,880,PROV-32,2025-10-26,2025-11-11,307900
OC-5307,2025-01-03,MP-0022,1608,PROV-07,2025-01-16,2025-01-11,173118
OC-6345,2025-11-23,MP-0300,94,PROV-02,2025-12-03,2025-12-06,6323
OC-5660,2024-09-03,MP-0052,110,PROV-14,2024-09-14,2035-09-26,35381
OC-6014,2025-09-29,MP-0121,274,PROV-16,2025-10-08,2025-10-19,50877
OC-6392,2024-09-24,MP-0344,2,PROV-14,2024-10-06,2024-10-15,6342
OC-5908,2025-04-25,MP-0099,320,PROV-17,2025-05-01,2025-05-02,42946
OC-5167,2026-06-07,MP-0013,1106,PROV-06,2026-06-25,2026-07-01,361794
OC-5135,2025-12-15,MP-0011,1875,PROV-17,2026-01-04,,356026
OC-5079,2025-03-23,MP-0007,775,PROV-01,2025-04-09,2025-04-21,313781
OC-6145,2025-09-03,MP-0142,358,PROV-26,2025-09-17,2025-10-04,34292
OC-5609,2025-06-08,MP-0044,402,PROV-06,2025-06-13,2025-06-18,64011
OC-5513,2026-06-18,MP-0034,1646,PROV-03,2026-07-06,2026-07-22,318023
OC-5976,2025-06-24,MP-0112,210,PROV-20,2025-07-05,2025-07-21,23398
OC-5737,2025-05-30,MP-0067,405,PROV-04,2025-06-10,2025-06-15,65561
OC-5300,2026-02-19,MP-0022,1419,PROV-07,2026-03-04,2026-03-08,173118
OC-5428,2024-12-12,MP-0030,1591,PROV-27,2024-12-28,2025-01-15,284982
OC-6187,2024-10-14,MP-0150,243,PROV-21,2024-10-24,,40425
OC-5489,2025-06-10,MP-0033,1417,PROV-15,2025-06-26,2025-07-27,157770
OC-5339,2026-05-07,MP-0024,2049,PROV-31,2026-05-27,2026-05-31,223650
OC-6291,2025-06-05,MP-0248,97,PROV-14,2025-06-11,2025-06-17,860
OC-6175,2025-06-11,MP-0147,292,PROV-28,2025-06-21,2025-07-01,48242
OC-5537,2025-08-29,MP-0036,533,PROV-32,2025-09-09,2025-09-27,339654
OC-5771,2024-08-30,MP-0074,283,PROV-01,2024-09-05,2024-09-10,57757
OC-6032,2025-11-30,MP-0124,327,PROV-02,2025-12-14,2035-12-24,29143
OC-5461,2026-01-05,MP-0032,1540,PROV-03,2026-01-17,2026-01-29,196328
OC-5485,2025-01-28,MP-0033,2121,PROV-15,2025-02-13,2025-02-18,157770
OC-5612,2025-04-30,MP-0044,414,PROV-06,2025-05-05,2025-05-06,64011
OC-6444,2024-07-14,MP-0394,9,PROV-21,2024-07-20,2024-08-02,1688
OC-5403,2025-11-12,MP-0029,1255,PROV-04,2025-11-26,2025-12-10,310652
OC-5791,2026-03-11,MP-0080,260,PROV-24,2026-03-21,2026-03-31,39838
OC-6123,2024-12-26,MP-0138,287,PROV-21,2025-01-04,2025-01-06,68215
OC-5365,2026-02-11,MP-0026,896,PROV-28,2026-02-22,2026-03-09,393154
OC-5324,2024-09-23,MP-0023,1674,PROV-26,2024-10-09,2024-10-30,120113
OC-5678,2026-04-13,MP-0056,161,PROV-35,2026-04-20,2026-04-28,18750
OC-5558,2025-05-23,MP-0038,794,PROV-32,2025-06-10,2025-06-24,307900
OC-5939,2025-05-08,MP-0103,490,PROV-09,2025-05-16,2025-05-26,50643
OC-5178,2025-06-23,MP-0014,1396,PROV-26,2025-07-02,2025-07-14,234603
OC-5484,2025-02-16,MP-0033,1198,PROV-15,2025-03-04,2025-03-21,157770
OC-6273,2025-07-28,MP-0230,22,PROV-04,2025-08-05,2025-08-13,11714
OC-6139,2026-03-09,MP-0141,346,PROV-32,2026-03-15,2026-04-03,20387
OC-5796,2024-10-26,MP-0081,308,PROV-04,2024-11-05,,29017
OC-5902,2026-04-22,MP-0098,289,PROV-18,2026-04-27,2026-04-28,16242
OC-6180,2026-01-04,MP-0148,147,PROV-15,2026-01-15,2026-01-15,74617
OC-5437,2025-10-29,MP-0031,663,PROV-17,2025-11-11,2025-12-02,324073
OC-6002,2025-03-21,MP-0118,443,PROV-09,2025-03-26,2025-04-06,71465
OC-6266,2024-12-19,MP-0223,21,PROV-30,2025-01-01,2025-01-07,10102
OC-5836,2026-05-20,MP-0088,477,PROV-17,2026-05-25,2026-05-29,42952
OC-5022,2025-12-14,MP-0002,2092,PROV-02,2026-01-06,2026-02-28,98702
OC-6229,2026-03-18,MP-0187,35,PROV-21,2026-03-28,2026-04-01,11831
OC-6117,2025-11-03,MP-0137,354,PROV-09,2025-11-09,,39144
OC-5669,2024-12-13,MP-0054,335,PROV-35,2024-12-19,2024-12-26,52942
OC-5076,2026-03-18,MP-0006,732,PROV-08,2026-04-02,2026-04-12,142141
OC-5687,2025-10-03,MP-0057,301,PROV-02,2025-10-11,2025-10-18,65040
OC-5701,2024-08-09,MP-0058,318,PROV-25,2024-08-15,2024-08-20,64400
OC-5569,2025-06-23,MP-0039,1066,PROV-26,2025-07-12,2025-07-22,395252
OC-5358,2026-02-02,MP-0025,693,PROV-24,2026-02-21,2026-03-11,216530
OC-5638,2025-01-10,MP-0048,275,PROV-07,2025-01-18,2025-01-23,15566
OC-6377,2025-04-24,MP-0329,43,PROV-03,2025-05-06,,4253
OC-5276,2026-05-31,MP-0020,797,PROV-29,2026-06-15,2026-07-01,248445
OC-5350,2024-08-26,MP-0025,1023,PROV-24,2024-09-14,2024-09-29,216530
OC-5172,2025-11-20,MP-0013,995,PROV-06,2025-12-08,2025-12-31,361794
OC-5117,2026-02-28,MP-0010,2018,PROV-24,2026-03-20,2026-04-06,244981
OC-5253,2026-01-02,MP-0018,1545,PROV-07,2026-01-13,2026-01-27,91904
OC-5528,2025-05-28,MP-0035,2161,PROV-34,2025-06-14,2025-07-06,391712
OC-5595,2025-08-17,MP-0041,184,PROV-26,2025-08-26,,33775
OC-5892,2026-04-10,MP-0097,243,PROV-30,2026-04-20,2026-04-24,56581
OC-5255,2025-05-03,MP-0018,1661,PROV-07,2025-05-14,2025-06-07,91904
OC-5041,2026-02-11,MP-0004,734,PROV-20,2026-02-23,2026-03-04,385136
OC-6098,2026-02-07,MP-0135,279,PROV-01,2026-02-12,2026-02-15,25279
OC-5060,2025-03-06,MP-0005,1099,PROV-15,2025-03-20,2025-04-04,141286
OC-5589,2025-01-25,MP-0040,1662,PROV-31,2025-02-11,2025-02-17,143609
OC-6310,2024-11-05,MP-0266,43,PROV-07,2024-11-16,2024-11-28,8009
OC-5767,2026-02-21,MP-0074,268,PROV-01,2026-02-27,2026-02-27,57757
OC-5187,2024-11-24,MP-0014,1376,PROV-26,2024-12-03,2024-12-06,234603
OC-5860,2026-01-11,MP-0091,253,PROV-11,2026-01-22,2026-02-09,75896
OC-6016,2026-05-17,MP-0121,444,PROV-16,2026-05-26,2026-05-27,50877
OC-5877,2026-06-25,MP-0094,511,PROV-11,2026-07-07,2026-07-13,40900
OC-5381,2026-06-29,MP-0027,575,PROV-27,2026-07-15,2026-07-27,179174
OC-5604,2026-06-20,MP-0043,272,PROV-31,2026-07-01,2026-07-16,79081
OC-5344,2026-02-20,MP-0024,1970,PROV-31,2026-03-12,2026-03-13,223650
OC-6004,2025-01-21,MP-0118,339,PROV-09,2025-01-26,2025-01-31,71465
OC-6456,2024-08-15,MP-0405,81,PROV-26,2024-08-27,2024-09-16,8284
OC-5797,2026-03-24,MP-0081,278,PROV-04,2026-04-03,2026-04-16,29017
OC-5777,2025-12-01,MP-0075,222,PROV-33,2025-12-07,2035-12-17,30143
OC-6083,2025-07-17,MP-0131,493,PROV-35,2025-07-26,2025-08-02,37576
OC-6105,2025-12-19,MP-0136,336,PROV-03,2026-01-04,2026-01-13,50144
OC-6044,2024-10-02,MP-0126,322,PROV-23,2024-10-15,2024-10-24,42475
OC-5919,2025-02-02,MP-0100,281,PROV-10,2025-02-10,2025-02-11,61699
OC-5242,2025-03-03,MP-0018,1168,PROV-07,2025-03-14,2025-03-31,91904
OC-5222,2025-03-12,MP-0017,1411,PROV-32,2025-04-03,2025-04-14,165823
OC-5830,2026-03-20,MP-0087,484,PROV-23,2026-03-28,2026-04-02,77924
OC-5463,2025-10-26,MP-0032,2201,PROV-03,2025-11-07,2025-11-17,196328
OC-6459,2026-05-22,MP-0408,52,PROV-24,2026-06-04,2026-06-28,14786
OC-5071,2024-12-16,MP-0006,678,PROV-08,2024-12-31,2025-01-17,142141
OC-5854,2025-05-15,MP-0089,476,PROV-14,2025-05-24,2025-05-25,56054
OC-6224,2025-11-03,MP-0182,13,PROV-26,2025-11-16,2025-11-26,7457
OC-5935,2024-09-23,MP-0103,482,PROV-09,2024-10-01,,50643
OC-5464,2025-02-10,MP-0032,1299,PROV-03,2025-02-22,2025-03-09,196328
OC-5603,2024-12-07,MP-0043,207,PROV-31,2024-12-18,2024-12-21,79081
OC-5548,2026-03-04,MP-0037,796,PROV-34,2026-03-17,2026-03-29,101283
OC-5887,2025-02-17,MP-0096,242,PROV-29,2025-02-25,,51577
OC-6428,2026-01-07,MP-0379,4,PROV-32,2026-01-15,2026-01-27,12817
OC-5313,2025-04-05,MP-0023,1739,PROV-26,2025-04-21,2025-05-03,120113
OC-5206,2025-11-21,MP-0015,870,PROV-03,2025-12-06,2025-12-20,151416
OC-5806,2026-03-19,MP-0083,172,PROV-07,2026-03-25,2026-03-31,73001
OC-5367,2026-03-22,MP-0026,1109,PROV-28,2026-04-02,2026-04-28,393154
OC-5232,2026-01-06,MP-0017,1779,PROV-32,2026-01-28,2026-02-24,165823
OC-6366,2025-11-16,MP-0318,89,PROV-34,2025-11-22,2025-12-05,13277
OC-5072,2025-08-26,MP-0006,445,PROV-08,2025-09-10,2025-09-27,142141
OC-5333,2024-09-18,MP-0024,1980,PROV-31,2024-10-08,2024-10-19,223650
OC-6416,2024-11-15,MP-0367,34,PROV-23,2024-11-22,2024-11-22,13259
OC-5727,2026-03-15,MP-0065,338,PROV-13,2026-03-26,2026-04-07,35988
OC-5641,2025-06-05,MP-0048,399,PROV-07,2025-06-13,2025-06-27,15566
OC-6319,2026-05-11,MP-0275,89,PROV-31,2026-05-24,2026-06-11,2333
OC-5286,2026-01-05,MP-0021,615,PROV-03,2026-01-18,2026-02-10,188399
OC-6280,2024-08-19,MP-0237,5,PROV-30,2024-08-30,2024-09-10,2056
OC-5653,2025-01-23,MP-0050,374,PROV-26,2025-01-29,2025-02-14,63500
OC-5651,2024-12-10,MP-0050,393,PROV-26,2024-12-16,2024-12-24,63500
OC-6114,2025-12-30,MP-0137,442,PROV-09,2026-01-05,2026-01-15,39144
OC-6057,2025-02-24,MP-0128,353,PROV-22,2025-03-04,,56497
OC-5203,2025-06-05,MP-0015,513,PROV-03,2025-06-20,2025-07-02,151416
OC-6450,2025-09-16,MP-0400,36,PROV-28,2025-09-27,2025-10-04,13930
OC-5858,2025-01-23,MP-0090,461,PROV-02,2025-02-04,2025-02-12,48252
OC-5659,2025-09-27,MP-0051,329,PROV-15,2025-10-11,2025-10-28,68499
OC-5229,2025-06-19,MP-0017,2505,PROV-32,2025-07-11,2025-07-31,165823
OC-6386,2024-12-20,MP-0338,40,PROV-30,2025-01-04,2025-01-25,4061
OC-6233,2024-10-06,MP-0191,30,PROV-05,2024-10-19,2024-10-25,12700
OC-6172,2025-01-15,MP-0147,501,PROV-28,2025-01-25,2025-01-31,48242
OC-5473,2025-04-24,MP-0032,1472,PROV-03,2025-05-06,2025-05-14,196328
OC-6270,2025-07-08,MP-0227,72,PROV-24,2025-07-21,2025-08-09,2521
OC-6372,2024-08-21,MP-0324,40,PROV-08,2024-09-08,2024-09-25,14311
OC-6041,2024-10-04,MP-0125,408,PROV-12,2024-10-10,2024-10-09,76778
OC-5538,2025-07-29,MP-0036,539,PROV-32,2025-08-09,2025-08-28,339654
OC-5067,2025-07-21,MP-0005,1086,PROV-15,2025-08-04,2025-08-06,141286
OC-6015,2025-07-15,MP-0121,428,PROV-16,2025-07-24,2025-07-28,50877
OC-5143,2026-01-10,MP-0011,1657,PROV-17,2026-01-30,2026-01-29,356026
OC-6029,2025-12-13,MP-0124,215,PROV-02,2025-12-27,2025-12-22,29143
OC-6111,2026-05-11,MP-0137,447,PROV-09,2026-05-17,2026-05-23,39144
OC-5555,2025-08-29,MP-0038,1049,PROV-32,2025-09-16,2025-09-19,307900
OC-6419,2024-12-08,MP-0370,65,PROV-35,2024-12-23,2024-12-28,13919
OC-5857,2025-05-02,MP-0090,351,PROV-02,2025-05-14,2025-05-19,48252
OC-5213,2024-07-01,MP-0016,969,PROV-30,2024-07-16,2024-07-30,142723
OC-5441,2025-10-16,MP-0031,549,PROV-17,2025-10-29,2025-11-20,324073
OC-6226,2024-10-21,MP-0184,78,PROV-35,2024-10-29,2024-10-29,13370
OC-5092,2025-07-08,MP-0008,593,PROV-20,2025-07-28,2025-08-27,310890
OC-5240,2024-07-25,MP-0018,1538,PROV-07,2024-08-05,,91904
OC-5134,2025-11-12,MP-0011,1886,PROV-17,2025-12-02,2025-12-15,356026
OC-5855,2024-09-29,MP-0090,404,PROV-02,2024-10-11,2024-10-16,48252
OC-5650,2025-01-20,MP-0050,296,PROV-26,2025-01-26,2025-02-01,63500
OC-5192,2026-01-01,MP-0014,1056,PROV-26,2026-01-10,2026-01-19,234603
OC-5435,2026-05-09,MP-0030,1526,PROV-27,2026-05-25,2026-06-01,284982
OC-5744,2026-03-27,MP-0069,463,PROV-16,2026-04-08,,44153
OC-6042,2025-09-16,MP-0125,351,PROV-12,2025-09-22,2025-09-26,76778
OC-5244,2025-03-13,MP-0018,1500,PROV-07,2025-03-24,2025-04-08,91904
OC-5110,2025-02-01,MP-0009,2022,PROV-10,2025-02-19,2025-03-03,256746
OC-6036,2024-11-11,MP-0125,463,PROV-12,2024-11-17,2024-11-23,76778
OC-5845,2024-08-25,MP-0089,402,PROV-14,2024-09-03,2024-09-11,56054
OC-6429,2024-07-03,MP-0380,58,PROV-07,2024-07-13,2024-07-20,13527
OC-5086,2024-09-06,MP-0007,900,PROV-01,2024-09-23,2024-10-03,313781
OC-5273,2026-05-28,MP-0020,679,PROV-29,2026-06-12,2026-06-21,248445
OC-5524,2025-10-21,MP-0035,1384,PROV-34,2025-11-07,2025-11-24,391712
OC-6107,2026-06-30,MP-0136,323,PROV-03,2026-07-16,2026-07-28,50144
OC-5673,2025-04-21,MP-0055,321,PROV-02,2025-05-04,2025-05-22,43990
OC-5271,2026-01-17,MP-0020,500,PROV-29,2026-02-01,2026-02-13,248445
OC-5901,2024-09-02,MP-0098,331,PROV-18,2024-09-07,2024-09-13,16242
OC-5332,2025-01-28,MP-0024,1642,PROV-31,2025-02-17,2025-02-23,223650
OC-5755,2025-07-13,MP-0071,243,PROV-18,2025-07-23,2025-07-29,64609
OC-5257,2025-08-20,MP-0018,1986,PROV-07,2025-08-31,2025-09-14,91904
OC-5335,2026-06-06,MP-0024,1546,PROV-31,2026-06-26,2026-07-07,223650
OC-5024,2024-11-12,MP-0002,1344,PROV-02,2024-12-05,2024-12-22,98702
OC-6299,2026-06-06,MP-0256,99,PROV-29,2026-06-11,2026-06-19,1070
OC-6061,2026-06-20,MP-0129,366,PROV-18,2026-07-02,2026-07-22,38308
OC-6025,2026-05-14,MP-0123,343,PROV-26,2026-05-29,,29806
OC-6001,2024-08-04,MP-0118,453,PROV-09,2024-08-09,2024-08-13,71465
OC-6391,2026-03-02,MP-0343,14,PROV-11,2026-03-13,2026-03-18,11205
OC-5786,2024-10-29,MP-0078,157,PROV-12,2024-11-16,2024-11-26,56933
OC-6383,2024-07-06,MP-0335,33,PROV-05,2024-07-14,2024-07-20,6995
OC-5068,2025-12-18,MP-0005,1511,PROV-15,2026-01-01,2035-01-12,141286
OC-5763,2026-06-01,MP-0073,260,PROV-14,2026-06-12,2026-06-29,45806
OC-5578,2026-02-04,MP-0040,1372,PROV-31,2026-02-21,2026-03-03,143609
OC-5341,2025-09-16,MP-0024,1530,PROV-31,2025-10-06,2025-10-18,223650
OC-5357,2025-12-31,MP-0025,717,PROV-24,2026-01-19,2026-01-26,216530
OC-5815,2024-12-04,MP-0084,303,PROV-34,2024-12-11,2024-12-21,26907
OC-6361,2024-10-17,MP-0315,69,PROV-04,2024-10-24,2024-11-01,447
OC-5439,2025-10-13,MP-0031,734,PROV-17,2025-10-26,2025-11-09,324073
OC-6435,2024-08-01,MP-0386,33,PROV-14,2024-08-14,2024-08-23,5157
OC-6182,2024-10-02,MP-0149,133,PROV-34,2024-10-07,2024-10-14,32103
OC-5048,2025-01-21,MP-0004,1172,PROV-20,2025-02-02,2025-02-28,385136
OC-5615,2025-04-28,MP-0044,423,PROV-06,2025-05-03,2025-05-04,64011
OC-5496,2024-12-17,MP-0033,1232,PROV-15,2025-01-02,2025-01-04,157770
OC-5639,2025-05-02,MP-0048,329,PROV-07,2025-05-10,2025-05-24,15566
OC-6396,2026-05-21,MP-0347,48,PROV-02,2026-05-28,2026-06-02,7263
OC-5759,2025-10-03,MP-0071,352,PROV-18,2025-10-13,2025-10-15,64609
OC-6205,2025-02-09,MP-0165,60,PROV-02,2025-02-18,2025-02-27,14129
OC-5006,2025-06-20,MP-0001,456,PROV-02,2025-07-01,2025-07-11,299035
OC-5896,2024-12-07,MP-0098,417,PROV-18,2024-12-12,2024-12-21,16242
OC-5675,2024-08-22,MP-0055,368,PROV-02,2024-09-04,2024-09-07,43990
OC-5685,2026-04-18,MP-0057,565,PROV-02,2026-04-26,2026-05-08,65040
OC-5345,2026-01-30,MP-0024,1728,PROV-31,2026-02-19,2026-03-04,223650
OC-5880,2024-09-14,MP-0094,355,PROV-11,2024-09-26,2024-09-29,40900
OC-5878,2025-03-26,MP-0094,485,PROV-11,2025-04-07,2025-05-16,40900
OC-6262,2025-10-15,MP-0219,83,PROV-25,2025-10-25,2025-11-06,7896
OC-5152,2025-01-03,MP-0012,1238,PROV-29,2025-01-17,2025-01-21,260365
OC-5994,2026-04-30,MP-0117,254,PROV-27,2026-05-10,2026-05-12,19690
OC-6215,2026-01-11,MP-0174,34,PROV-31,2026-01-21,2026-01-23,13913
OC-5762,2026-02-01,MP-0073,243,PROV-14,2026-02-12,2026-02-24,45806
OC-6350,2025-06-19,MP-0305,15,PROV-16,2025-07-01,2025-07-22,4165
OC-5523,2025-04-01,MP-0035,1395,PROV-34,2025-04-18,2025-05-07,391712
OC-5481,2025-09-07,MP-0033,1841,PROV-15,2025-09-23,2025-10-15,157770
OC-5084,2024-12-10,MP-0007,878,PROV-01,2024-12-27,2025-01-11,313781
OC-5400,2025-05-13,MP-0029,1645,PROV-04,2025-05-27,2025-06-22,310652
OC-5326,2024-10-01,MP-0023,1427,PROV-26,2024-10-17,2024-10-29,120113
OC-5294,2024-10-03,MP-0022,1470,PROV-07,2024-10-16,2024-10-19,173118
OC-5052,2025-09-02,MP-0005,1275,PROV-15,2025-09-16,2025-09-23,141286
OC-5275,2025-02-17,MP-0020,782,PROV-29,2025-03-04,2025-03-08,248445
OC-6206,2024-12-27,MP-0166,14,PROV-08,2025-01-01,,10838
OC-5990,2025-02-09,MP-0116,157,PROV-09,2025-02-18,2025-02-25,49643
OC-5630,2026-04-03,MP-0047,296,PROV-34,2026-04-15,2026-04-27,60848
OC-6360,2025-07-18,MP-0314,61,PROV-11,2025-07-27,2025-08-08,3975
OC-5525,2024-09-09,MP-0035,1845,PROV-34,2024-09-26,2024-10-31,391712
OC-6379,2024-07-09,MP-0331,23,PROV-30,2024-07-15,2024-07-15,14953
OC-6200,2024-12-13,MP-0160,30,PROV-28,2024-12-25,2025-01-11,6056
OC-5689,2024-09-28,MP-0057,417,PROV-02,2024-10-06,2024-10-09,65040
OC-5189,2025-09-20,MP-0014,1089,PROV-26,2025-09-29,2025-10-21,234603
OC-5581,2026-02-16,MP-0040,1528,PROV-31,2026-03-05,2026-03-14,143609
OC-5115,2025-03-04,MP-0010,1246,PROV-24,2025-03-24,2025-04-18,244981
OC-5108,2025-10-03,MP-0009,1213,PROV-10,2025-10-21,2025-10-27,256746
OC-5200,2024-12-10,MP-0015,557,PROV-03,2024-12-25,2035-01-10,151416
OC-5354,2025-05-14,MP-0025,988,PROV-24,2025-06-02,2025-06-28,216530
OC-5627,2025-02-15,MP-0046,326,PROV-14,2025-03-03,2025-03-08,36673
OC-5825,2024-07-18,MP-0087,359,PROV-23,2024-07-26,2024-07-28,77924
OC-6408,2026-02-08,MP-0359,11,PROV-27,2026-02-19,2026-03-01,13436
OC-5541,2025-08-31,MP-0037,828,PROV-34,2025-09-13,2025-09-29,101283
OC-6397,2025-01-29,MP-0348,17,PROV-31,2025-02-03,2025-02-11,9374
OC-5598,2025-10-16,MP-0042,451,PROV-08,2025-10-28,2025-11-23,50406
OC-5626,2025-06-28,MP-0046,283,PROV-14,2025-07-14,2035-08-04,36673
OC-6169,2025-01-19,MP-0146,340,PROV-33,2025-01-25,2025-02-01,31220
OC-5505,2025-03-17,MP-0034,1181,PROV-03,2025-04-04,2025-04-27,318023
OC-6039,2025-06-02,MP-0125,548,PROV-12,2025-06-08,2025-06-16,76778
OC-5077,2024-09-09,MP-0006,864,PROV-08,2024-09-24,2024-09-27,142141
OC-5364,2024-09-10,MP-0026,976,PROV-28,2024-09-21,2024-09-26,393154
OC-5410,2025-12-04,MP-0030,1757,PROV-27,2025-12-20,2025-12-26,284982
OC-6347,2025-12-28,MP-0302,67,PROV-28,2026-01-10,2026-01-26,4885
OC-6307,2025-12-03,MP-0263,32,PROV-21,2025-12-09,2025-12-15,4802
OC-5396,2025-09-20,MP-0029,1178,PROV-04,2025-10-04,2025-10-15,310652
OC-6447,2024-08-18,MP-0397,58,PROV-14,2024-08-24,2024-08-31,8205
OC-5909,2025-05-31,MP-0099,349,PROV-17,2025-06-06,2025-06-13,42946
OC-6184,2025-08-20,MP-0149,141,PROV-34,2025-08-25,2025-08-30,32103
OC-6420,2026-01-27,MP-0371,32,PROV-31,2026-02-02,2026-02-11,4437
OC-5340,2025-09-12,MP-0024,1825,PROV-31,2025-10-02,2025-10-16,223650
OC-5712,2024-12-07,MP-0060,216,PROV-25,2024-12-24,2025-01-07,33628
OC-5511,2026-04-06,MP-0034,1630,PROV-03,2026-04-24,2026-05-13,318023
OC-5932,2025-11-17,MP-0103,492,PROV-09,2025-11-25,2025-11-23,50643
OC-5503,2025-04-04,MP-0034,1498,PROV-03,2025-04-22,2035-05-12,318023
OC-5732,2026-01-06,MP-0066,378,PROV-27,2026-01-18,2026-01-28,21206
OC-5142,2026-02-01,MP-0011,1154,PROV-17,2026-02-21,2026-03-18,356026
OC-5287,2026-03-25,MP-0021,737,PROV-03,2026-04-07,2026-04-23,188399
OC-5433,2025-06-06,MP-0030,1716,PROV-27,2025-06-22,2025-07-03,284982
OC-5372,2026-06-04,MP-0026,1149,PROV-28,2026-06-15,2026-06-24,393154
OC-5059,2025-10-19,MP-0005,1118,PROV-15,2025-11-02,2025-11-17,141286
OC-5652,2024-08-31,MP-0050,521,PROV-26,2024-09-06,2024-09-16,63500
OC-6367,2025-07-15,MP-0319,35,PROV-13,2025-07-27,2025-08-12,6387
OC-5368,2026-02-25,MP-0026,885,PROV-28,2026-03-08,2026-03-11,393154
OC-6306,2025-07-07,MP-0262,13,PROV-30,2025-07-15,2025-07-29,10446
OC-6295,2026-05-04,MP-0252,108,PROV-18,2026-05-17,2026-06-03,8477
OC-5235,2025-08-23,MP-0017,1902,PROV-32,2025-09-14,2025-10-17,165823
OC-5336,2025-05-13,MP-0024,1999,PROV-31,2025-06-02,2025-06-14,223650
OC-5085,2025-02-01,MP-0007,829,PROV-01,2025-02-18,2025-02-20,313781
OC-6240,2025-03-06,MP-0198,42,PROV-26,2025-03-23,,13940
OC-6267,2024-09-11,MP-0224,94,PROV-30,2024-09-24,2024-10-01,14481
OC-5920,2026-04-01,MP-0101,213,PROV-16,2026-04-08,2026-04-10,70351
OC-6124,2026-03-22,MP-0138,322,PROV-21,2026-03-31,2026-04-16,68215
OC-5910,2026-04-24,MP-0099,474,PROV-17,2026-04-30,2026-05-03,42946
OC-5445,2025-01-07,MP-0032,1801,PROV-03,2025-01-19,2025-02-02,196328
OC-5838,2024-10-29,MP-0088,363,PROV-17,2024-11-03,,42952
OC-6469,2025-10-22,MP-0418,73,PROV-29,2025-10-30,2025-11-05,14607
OC-6163,2024-08-05,MP-0146,354,PROV-33,2024-08-11,2024-08-22,31220
OC-6413,2024-08-08,MP-0364,50,PROV-13,2024-08-14,2024-08-16,7364
OC-5374,2025-08-13,MP-0026,911,PROV-28,2025-08-24,2025-09-07,393154
OC-5103,2024-09-04,MP-0009,2247,PROV-10,2024-09-22,2024-09-27,256746
OC-5395,2026-06-03,MP-0029,1266,PROV-04,2026-06-17,2026-06-20,310652
OC-6201,2025-03-04,MP-0161,36,PROV-03,2025-03-13,2025-03-22,2495
OC-5946,2024-12-18,MP-0105,167,PROV-29,2024-12-29,2025-01-06,56750
OC-5027,2026-03-18,MP-0002,2357,PROV-02,2026-04-10,2026-05-01,98702
OC-5016,2025-01-16,MP-0002,1493,PROV-02,2025-02-08,2025-02-28,98702
OC-6167,2025-10-19,MP-0146,385,PROV-33,2025-10-25,2025-10-31,31220
OC-5151,2025-09-14,MP-0012,758,PROV-29,2025-09-28,2025-10-08,260365
OC-5193,2025-03-01,MP-0014,1222,PROV-26,2025-03-10,2025-03-11,234603
OC-5531,2026-02-14,MP-0035,1290,PROV-34,2026-03-03,2026-03-25,391712
OC-6087,2026-04-21,MP-0133,252,PROV-01,2026-04-30,,24738
OC-5843,2026-06-19,MP-0088,374,PROV-17,2026-06-24,2026-07-01,42952
OC-5194,2025-08-24,MP-0014,1093,PROV-26,2025-09-02,2025-09-14,234603
OC-5871,2024-09-26,MP-0093,356,PROV-20,2024-10-03,2024-10-12,67888
OC-5254,2026-03-23,MP-0018,1280,PROV-07,2026-04-03,2026-04-17,91904
OC-5266,2025-08-28,MP-0019,493,PROV-31,2025-09-14,2025-10-17,81958
OC-6241,2025-05-08,MP-0199,50,PROV-13,2025-05-15,2025-05-27,13941
OC-6058,2025-03-01,MP-0128,449,PROV-22,2025-03-09,2025-03-12,56497
OC-5291,2025-10-11,MP-0022,870,PROV-07,2025-10-24,2025-11-03,173118
OC-5822,2025-12-22,MP-0085,179,PROV-25,2026-01-02,2026-01-08,42369
OC-6247,2026-02-11,MP-0205,66,PROV-30,2026-02-20,2026-03-02,2925
OC-5599,2026-04-27,MP-0042,231,PROV-08,2026-05-09,2026-05-18,50406
OC-5951,2024-07-28,MP-0106,256,PROV-24,2024-08-07,2024-08-22,22268
OC-6337,2026-04-23,MP-0292,90,PROV-31,2026-05-07,2026-05-17,12482
OC-5284,2026-03-17,MP-0021,668,PROV-03,2026-03-30,2026-04-15,188399
OC-5495,2025-04-19,MP-0033,2295,PROV-15,2025-05-05,2025-06-11,157770
OC-5680,2025-06-29,MP-0056,294,PROV-35,2025-07-06,2025-07-15,18750
OC-6237,2025-11-17,MP-0195,47,PROV-21,2025-12-04,2025-12-23,6770
OC-5231,2026-06-26,MP-0017,1817,PROV-32,2026-07-18,2026-07-25,165823
OC-5552,2026-03-07,MP-0038,668,PROV-32,2026-03-25,2026-03-28,307900
OC-5029,2026-05-27,MP-0003,765,PROV-01,2026-06-10,2026-06-30,178655
OC-6210,2025-07-21,MP-0169,22,PROV-24,2025-07-26,2025-07-29,1258
OC-6249,2024-08-18,MP-0207,40,PROV-07,2024-08-23,2024-08-26,1443
OC-5580,2025-05-19,MP-0040,1153,PROV-31,2025-06-05,,143609
OC-5149,2025-01-17,MP-0011,1827,PROV-17,2025-02-06,2025-03-22,356026
OC-6128,2025-01-27,MP-0139,209,PROV-03,2025-02-05,2025-02-04,22444
OC-5943,2025-06-12,MP-0104,200,PROV-06,2025-06-25,,71159
OC-6468,2025-04-18,MP-0417,52,PROV-06,2025-05-02,2025-04-29,13045
OC-6213,2025-03-07,MP-0172,4,PROV-04,2025-03-18,2025-03-29,11722
OC-5900,2024-12-29,MP-0098,279,PROV-18,2025-01-03,2025-01-10,16242
OC-5849,2024-12-07,MP-0089,397,PROV-14,2024-12-16,2024-12-11,56054
OC-5805,2025-04-19,MP-0083,247,PROV-07,2025-04-25,2025-04-27,73001
OC-5596,2025-01-15,MP-0042,429,PROV-08,2025-01-27,2025-02-07,50406
OC-5420,2025-10-12,MP-0030,2506,PROV-27,2025-10-28,2025-11-19,284982
OC-5519,2025-05-16,MP-0035,1368,PROV-34,2025-06-02,2025-06-24,391712
OC-5821,2025-07-04,MP-0085,233,PROV-25,2025-07-15,2025-07-17,42369
OC-5851,2025-04-21,MP-0089,346,PROV-14,2025-04-30,2025-05-01,56054
OC-5841,2026-01-08,MP-0088,347,PROV-17,2026-01-13,2026-01-18,42952
OC-5594,2026-04-22,MP-0041,174,PROV-26,2026-05-01,2026-05-04,33775
OC-5600,2026-05-23,MP-0042,380,PROV-08,2026-06-04,2026-06-19,50406
OC-6265,2024-08-23,MP-0222,75,PROV-11,2024-09-07,2024-09-22,1810
OC-5674,2024-11-27,MP-0055,424,PROV-02,2024-12-10,2024-12-16,43990
OC-5619,2026-06-26,MP-0045,236,PROV-09,2026-07-02,2026-07-09,62696
OC-5494,2026-05-15,MP-0033,1915,PROV-15,2026-05-31,2026-06-15,157770
OC-5827,2025-11-11,MP-0087,456,PROV-23,2025-11-19,2025-11-24,77924
OC-5237,2024-08-19,MP-0017,2211,PROV-32,2024-09-10,2024-09-24,165823
OC-5645,2025-02-25,MP-0050,498,PROV-26,2025-03-03,2025-03-15,63500
OC-5133,2024-08-03,MP-0010,2046,PROV-24,2024-08-23,2024-09-08,244981
OC-5472,2025-08-28,MP-0032,1969,PROV-03,2025-09-09,2025-09-05,196328
OC-5346,2026-03-13,MP-0024,1103,PROV-31,2026-04-02,2026-04-20,223650
OC-6242,2026-01-23,MP-0200,54,PROV-11,2026-02-04,2026-02-09,13801
OC-6076,2024-09-21,MP-0131,498,PROV-35,2024-09-30,2024-10-12,37576
OC-6442,2024-12-31,MP-0392,86,PROV-05,2025-01-09,2025-01-20,1025
OC-5813,2025-11-30,MP-0084,512,PROV-34,2025-12-07,2025-12-10,26907
OC-5269,2025-08-09,MP-0020,999,PROV-29,2025-08-24,2025-09-16,248445
OC-6375,2026-04-02,MP-0327,9,PROV-06,2026-04-16,2026-04-28,8037
OC-5057,2026-06-22,MP-0005,950,PROV-15,2026-07-06,,141286
OC-5106,2026-06-26,MP-0009,1385,PROV-10,2026-07-14,2026-08-01,256746
OC-5215,2026-03-11,MP-0016,1087,PROV-30,2026-03-26,2026-04-15,142723
OC-5625,2025-01-16,MP-0046,433,PROV-14,2025-02-01,2025-01-29,36673
OC-5402,2026-04-11,MP-0029,904,PROV-04,2026-04-25,2026-04-30,310652
OC-5585,2025-08-26,MP-0040,1161,PROV-31,2025-09-12,2025-09-22,143609
OC-5506,2026-02-10,MP-0034,1286,PROV-03,2026-02-28,2026-03-19,318023
OC-5949,2024-09-04,MP-0106,319,PROV-24,2024-09-14,2024-09-20,22268
OC-5993,2025-08-04,MP-0117,273,PROV-27,2025-08-14,2025-08-19,19690
OC-5309,2026-05-06,MP-0022,1359,PROV-07,2026-05-19,2026-05-23,173118
OC-6028,2026-05-04,MP-0123,287,PROV-26,2026-05-19,2026-05-26,29806
OC-5321,2024-10-03,MP-0023,2061,PROV-26,2024-10-19,2024-10-19,120113
OC-5608,2025-01-16,MP-0044,447,PROV-06,2025-01-21,2025-01-28,64011
OC-5387,2026-04-14,MP-0028,893,PROV-06,2026-05-03,2026-05-25,367530
OC-5597,2025-12-23,MP-0042,245,PROV-08,2026-01-04,2026-01-11,50406
OC-5019,2024-09-10,MP-0002,2233,PROV-02,2024-10-03,2024-10-14,98702
OC-5015,2026-06-05,MP-0002,2357,PROV-02,2026-06-28,2026-07-12,98702
OC-6082,2025-09-30,MP-0131,406,PROV-35,2025-10-09,2025-10-28,37576
OC-6207,2024-07-01,MP-0167,94,PROV-33,2024-07-08,2024-07-16,13015
OC-6103,2025-10-09,MP-0135,335,PROV-01,2025-10-14,2025-10-16,25279
OC-5476,2025-01-31,MP-0033,2136,PROV-15,2025-02-16,2025-02-26,157770
OC-5497,2024-10-05,MP-0033,2201,PROV-15,2024-10-21,2024-11-11,157770
OC-5820,2025-03-12,MP-0085,259,PROV-25,2025-03-23,2025-04-03,42369
OC-6445,2026-01-17,MP-0395,53,PROV-31,2026-01-24,2026-01-26,12818
OC-5556,2024-08-04,MP-0038,1017,PROV-32,2024-08-22,2024-09-15,307900
OC-5577,2025-08-28,MP-0040,1041,PROV-31,2025-09-14,2025-10-02,143609
OC-6327,2024-10-01,MP-0283,53,PROV-20,2024-10-09,2024-10-13,10720
OC-6304,2025-01-21,MP-0260,51,PROV-13,2025-02-07,2025-02-18,3134
OC-5385,2025-04-13,MP-0028,821,PROV-06,2025-05-02,2025-05-12,367530
OC-5967,2026-06-10,MP-0110,204,PROV-26,2026-06-18,2035-06-30,70066
OC-5588,2025-04-15,MP-0040,1613,PROV-31,2025-05-02,2025-05-08,143609
OC-6055,2026-06-26,MP-0128,447,PROV-22,2026-07-04,2026-07-04,56497
OC-5917,2025-05-23,MP-0100,317,PROV-10,2025-05-31,2025-06-09,61699
OC-5824,2024-09-04,MP-0086,116,PROV-33,2024-09-19,2024-09-15,69618
OC-5431,2025-04-21,MP-0030,1465,PROV-27,2025-05-07,2025-05-08,284982
OC-5421,2024-10-11,MP-0030,1829,PROV-27,2024-10-27,2024-11-10,284982
OC-6414,2025-03-09,MP-0365,24,PROV-15,2025-03-15,2025-03-19,1744
OC-5036,2025-09-10,MP-0003,823,PROV-01,2025-09-24,2025-10-10,178655
OC-6143,2025-03-06,MP-0142,277,PROV-26,2025-03-20,2025-03-26,34292
OC-5212,2025-04-17,MP-0016,1228,PROV-30,2025-05-02,2025-05-16,142723
OC-6230,2025-07-21,MP-0188,50,PROV-23,2025-07-27,2025-07-30,1200
OC-5288,2025-08-16,MP-0021,737,PROV-03,2025-08-29,2025-09-12,188399
OC-5953,2024-09-12,MP-0107,277,PROV-07,2024-09-26,2024-09-30,69513
OC-5017,2025-03-14,MP-0002,1597,PROV-02,2025-04-06,2025-04-18,98702
OC-6000,2026-04-29,MP-0118,252,PROV-09,2026-05-04,2026-05-07,71465
OC-5205,2025-02-25,MP-0015,533,PROV-03,2025-03-12,2025-03-17,151416
OC-5735,2025-10-02,MP-0066,372,PROV-27,2025-10-14,2025-10-11,21206
OC-6322,2025-12-23,MP-0278,39,PROV-16,2026-01-06,2026-01-13,631
OC-5429,2024-12-20,MP-0030,1722,PROV-27,2025-01-05,2025-01-02,284982
OC-5708,2025-07-29,MP-0059,393,PROV-24,2025-08-08,2025-08-24,34481
OC-5174,2024-12-18,MP-0013,916,PROV-06,2025-01-05,2025-01-28,361794
OC-5125,2024-10-21,MP-0010,1418,PROV-24,2024-11-10,2024-11-10,244981
OC-5278,2025-10-28,MP-0020,528,PROV-29,2025-11-12,2025-11-16,248445
OC-6008,2025-02-10,MP-0120,432,PROV-01,2025-02-24,2025-03-14,57256
OC-5833,2025-02-12,MP-0087,446,PROV-23,2025-02-20,2025-02-21,77924
OC-5668,2025-10-19,MP-0054,253,PROV-35,2025-10-25,2025-11-01,52942
OC-6113,2025-02-28,MP-0137,321,PROV-09,2025-03-06,2025-03-13,39144
OC-5914,2025-01-05,MP-0100,337,PROV-10,2025-01-13,2025-01-19,61699
OC-6277,2026-01-25,MP-0234,46,PROV-34,2026-02-05,2026-02-17,13458
OC-5249,2025-02-15,MP-0018,1658,PROV-07,2025-02-26,2025-03-16,91904
OC-5272,2025-03-28,MP-0020,706,PROV-29,2025-04-12,2025-04-22,248445
OC-5590,2025-08-24,MP-0040,1960,PROV-31,2025-09-10,2025-09-25,143609
OC-5539,2024-07-01,MP-0036,457,PROV-32,2024-07-12,2024-07-10,339654
OC-5622,2025-03-14,MP-0045,383,PROV-09,2025-03-20,2025-03-26,62696
OC-6324,2025-03-10,MP-0280,30,PROV-10,2025-03-15,2025-03-16,2504
OC-5293,2024-08-28,MP-0022,1298,PROV-07,2024-09-10,2024-10-03,173118
OC-5438,2025-10-31,MP-0031,563,PROV-17,2025-11-13,2025-11-17,324073
OC-5808,2024-08-07,MP-0083,186,PROV-07,2024-08-13,2024-08-17,73001
OC-5582,2026-05-09,MP-0040,1781,PROV-31,2026-05-26,2026-06-19,143609
OC-5790,2025-03-06,MP-0080,292,PROV-24,2025-03-16,2025-03-22,39838
OC-5153,2025-10-05,MP-0012,1382,PROV-29,2025-10-19,2025-11-01,260365
OC-6231,2024-09-20,MP-0189,53,PROV-10,2024-10-06,2024-10-20,5058
OC-5700,2024-11-18,MP-0058,446,PROV-25,2024-11-24,2024-11-29,64400
OC-5382,2024-07-10,MP-0027,755,PROV-27,2024-07-26,2024-08-05,179174
OC-5184,2024-08-30,MP-0014,824,PROV-26,2024-09-08,2024-09-12,234603
OC-5469,2026-02-25,MP-0032,1868,PROV-03,2026-03-09,2026-03-07,196328
OC-6325,2024-10-13,MP-0281,20,PROV-05,2024-10-24,2024-11-02,7868
OC-6349,2024-07-08,MP-0304,32,PROV-32,2024-07-24,2024-07-31,5637
OC-5776,2025-10-07,MP-0075,176,PROV-33,2025-10-13,2025-10-20,30143
OC-5370,2026-03-24,MP-0026,1182,PROV-28,2026-04-04,2026-04-15,393154
OC-5458,2026-02-03,MP-0032,2299,PROV-03,2026-02-15,2026-02-22,196328
OC-5572,2026-04-07,MP-0040,1271,PROV-31,2026-04-24,2026-05-11,143609
OC-5859,2024-07-30,MP-0090,395,PROV-02,2024-08-11,2024-09-06,48252
OC-6423,2025-02-14,MP-0374,23,PROV-15,2025-02-19,2025-03-02,2099
OC-6147,2025-01-19,MP-0143,79,PROV-10,2025-01-30,2025-02-14,78410
OC-6289,2026-05-15,MP-0246,99,PROV-05,2026-05-28,2026-06-05,10117
OC-5635,2026-03-12,MP-0048,326,PROV-07,2026-03-20,2026-03-31,15566
OC-5422,2026-06-12,MP-0030,1646,PROV-27,2026-06-28,2026-07-18,284982
OC-6298,2026-06-21,MP-0255,61,PROV-35,2026-07-04,2026-07-19,7693
OC-5719,2025-08-27,MP-0062,273,PROV-08,2025-09-09,2025-09-29,42841
OC-6112,2024-12-21,MP-0137,333,PROV-09,2024-12-27,2025-01-01,39144
OC-5256,2024-08-19,MP-0018,1098,PROV-07,2024-08-30,2024-09-08,91904
OC-5460,2024-09-01,MP-0032,1185,PROV-03,2024-09-13,2024-10-01,196328
OC-5666,2024-07-29,MP-0053,342,PROV-21,2024-08-10,2024-08-22,21843
OC-5576,2026-05-22,MP-0040,1883,PROV-31,2026-06-08,2026-06-15,143609
OC-5956,2026-04-12,MP-0108,192,PROV-06,2026-04-24,2026-05-18,25925
OC-5112,2026-04-01,MP-0009,1601,PROV-10,2026-04-19,2026-04-19,256746
OC-5950,2025-03-06,MP-0106,366,PROV-24,2025-03-16,2025-03-29,22268
OC-5311,2025-08-18,MP-0023,2077,PROV-26,2025-09-03,2025-09-18,120113
OC-6094,2026-05-20,MP-0134,274,PROV-25,2026-06-01,2026-06-08,64521
OC-5903,2025-06-11,MP-0099,574,PROV-17,2025-06-17,2025-06-26,42946
OC-6297,2025-09-29,MP-0254,63,PROV-25,2025-10-11,2025-10-23,8919
OC-6301,2026-06-09,MP-0257,87,PROV-03,2026-06-25,2026-06-27,3868
OC-6335,2026-06-11,MP-0290,46,PROV-13,2026-06-25,2035-07-03,14877
OC-6380,2026-02-15,MP-0332,88,PROV-07,2026-03-03,2026-03-20,6819
OC-6137,2025-07-30,MP-0141,333,PROV-32,2025-08-05,2025-08-09,20387
OC-5875,2025-06-01,MP-0094,416,PROV-11,2025-06-13,2025-06-23,40900
OC-5225,2024-12-15,MP-0017,1421,PROV-32,2025-01-06,2025-01-22,165823
OC-5391,2026-01-02,MP-0029,899,PROV-04,2026-01-16,2026-01-30,310652
OC-5466,2025-04-10,MP-0032,2234,PROV-03,2025-04-22,2025-05-09,196328
OC-6204,2025-09-21,MP-0164,42,PROV-10,2025-09-30,2025-10-15,1846
OC-5661,2025-05-03,MP-0052,88,PROV-14,2025-05-14,2025-06-03,35381
OC-6085,2026-02-26,MP-0132,234,PROV-09,2026-03-09,2026-03-24,32995
OC-6424,2026-04-14,MP-0375,46,PROV-02,2026-04-23,2026-04-29,2599
OC-6378,2026-05-08,MP-0330,20,PROV-32,2026-05-16,2026-05-22,8021
OC-5683,2025-04-29,MP-0057,383,PROV-02,2025-05-07,2025-05-19,65040
OC-5995,2026-06-03,MP-0117,226,PROV-27,2026-06-13,,19690
OC-5035,2025-01-01,MP-0003,752,PROV-01,2025-01-15,2025-02-07,178655
OC-6312,2025-01-21,MP-0268,5,PROV-17,2025-01-27,2025-02-03,12459
OC-6346,2025-07-21,MP-0301,27,PROV-07,2025-08-06,2025-08-08,13471
OC-5716,2026-03-04,MP-0061,166,PROV-23,2026-03-15,2026-03-28,53880
OC-5304,2026-04-06,MP-0022,961,PROV-07,2026-04-19,2026-04-26,173118
OC-5392,2026-05-09,MP-0029,1248,PROV-04,2026-05-23,2026-06-15,310652
OC-5297,2025-03-09,MP-0022,1537,PROV-07,2025-03-22,2025-03-29,173118
OC-5259,2026-03-11,MP-0018,1623,PROV-07,2026-03-22,2026-04-11,91904
OC-5647,2025-07-27,MP-0050,491,PROV-26,2025-08-02,2025-08-09,63500
OC-5032,2025-04-21,MP-0003,564,PROV-01,2025-05-05,2025-05-14,178655
OC-6056,2025-12-19,MP-0128,297,PROV-22,2025-12-27,2026-01-03,56497
OC-5643,2025-09-23,MP-0049,162,PROV-05,2025-10-06,2035-10-15,27515
OC-5058,2026-04-24,MP-0005,1464,PROV-15,2026-05-08,2026-05-16,141286
OC-6331,2026-04-17,MP-0286,90,PROV-06,2026-04-24,2026-05-02,8518
OC-5482,2025-07-22,MP-0033,1449,PROV-15,2025-08-07,2025-08-27,157770
OC-6368,2024-10-03,MP-0320,45,PROV-14,2024-10-20,2024-10-22,1174
OC-5906,2025-04-20,MP-0099,463,PROV-17,2025-04-26,2025-05-01,42946
OC-5062,2024-07-07,MP-0005,1409,PROV-15,2024-07-21,2024-07-30,141286
OC-5915,2025-03-16,MP-0100,321,PROV-10,2025-03-24,2025-03-28,61699
OC-6344,2026-05-04,MP-0299,89,PROV-32,2026-05-11,2026-05-20,7144
OC-6050,2025-12-17,MP-0127,217,PROV-19,2025-12-25,2025-12-30,17887
OC-5100,2024-10-20,MP-0009,1213,PROV-10,2024-11-07,2024-11-29,256746
OC-5971,2025-11-08,MP-0111,123,PROV-08,2025-11-17,2025-11-29,71165
OC-6092,2025-07-26,MP-0134,231,PROV-25,2025-08-07,2025-08-12,64521
OC-6060,2025-02-24,MP-0128,456,PROV-22,2025-03-04,2025-03-12,56497
OC-5698,2026-04-30,MP-0058,438,PROV-25,2026-05-06,2026-05-07,64400
OC-5331,2026-06-25,MP-0023,2201,PROV-26,2026-07-11,2035-08-01,120113
OC-5426,2025-12-09,MP-0030,1973,PROV-27,2025-12-25,2025-12-28,284982
OC-5740,2025-07-31,MP-0067,271,PROV-04,2025-08-11,2025-08-17,65561
OC-5427,2025-09-29,MP-0030,1671,PROV-27,2025-10-15,2025-10-09,284982
OC-5388,2025-05-09,MP-0028,610,PROV-06,2025-05-28,2025-06-23,367530
OC-5248,2026-05-18,MP-0018,1042,PROV-07,2026-05-29,2026-06-14,91904
OC-5710,2024-07-03,MP-0060,176,PROV-25,2024-07-20,2024-07-31,33628
OC-5754,2024-10-29,MP-0071,413,PROV-18,2024-11-08,2024-11-18,64609
OC-5938,2024-11-17,MP-0103,365,PROV-09,2024-11-25,2024-11-23,50643
OC-5453,2024-07-17,MP-0032,1529,PROV-03,2024-07-29,2024-08-12,196328
OC-5347,2024-12-15,MP-0024,1875,PROV-31,2025-01-04,2025-01-19,223650
OC-5853,2025-10-03,MP-0089,336,PROV-14,2025-10-12,2025-10-19,56054
OC-6006,2025-01-21,MP-0119,119,PROV-19,2025-01-31,2025-02-14,55990
OC-5009,2025-06-13,MP-0002,1671,PROV-02,2025-07-06,2025-07-25,98702
OC-5886,2025-10-08,MP-0095,243,PROV-08,2025-10-16,2025-10-18,49436
OC-5785,2025-10-15,MP-0077,456,PROV-34,2025-11-01,2025-11-17,66191
OC-6219,2025-08-06,MP-0177,59,PROV-17,2025-08-14,2025-08-21,929
OC-5223,2025-11-12,MP-0017,2134,PROV-32,2025-12-04,2025-12-20,165823
OC-6220,2025-05-17,MP-0178,13,PROV-22,2025-05-25,2025-06-02,7406
OC-6089,2025-03-10,MP-0133,246,PROV-01,2025-03-19,2025-03-29,24738
OC-6302,2025-05-01,MP-0258,15,PROV-11,2025-05-10,2025-05-16,14988
OC-5141,2024-10-03,MP-0011,1129,PROV-17,2024-10-23,2024-11-11,356026
OC-5706,2025-02-24,MP-0059,298,PROV-24,2025-03-06,2025-03-09,34481
OC-6314,2025-02-01,MP-0270,14,PROV-15,2025-02-09,2025-02-19,5780
OC-6197,2025-06-12,MP-0157,49,PROV-12,2025-06-18,2025-07-04,2791
OC-5282,2025-07-22,MP-0021,657,PROV-03,2025-08-04,2025-08-16,188399
OC-5952,2024-09-03,MP-0106,486,PROV-24,2024-09-13,2024-09-23,22268
OC-6401,2026-05-03,MP-0352,93,PROV-11,2026-05-12,,1179
OC-5731,2024-08-21,MP-0066,310,PROV-27,2024-09-02,2024-09-07,21206
OC-5074,2025-11-23,MP-0006,869,PROV-08,2025-12-08,2025-12-15,142141
OC-6440,2025-12-16,MP-0390,56,PROV-17,2025-12-29,2026-01-07,13936
OC-6431,2026-04-04,MP-0382,70,PROV-12,2026-04-11,2026-04-12,12199
OC-6387,2025-04-29,MP-0339,36,PROV-07,2025-05-06,2025-05-14,4192
OC-5169,2025-10-21,MP-0013,790,PROV-06,2025-11-08,,361794
OC-6108,2025-11-30,MP-0136,218,PROV-03,2025-12-16,2026-01-02,50144
OC-5157,2024-12-17,MP-0012,1204,PROV-29,2024-12-31,2025-01-11,260365
OC-5945,2025-10-11,MP-0105,139,PROV-29,2025-10-22,2025-10-30,56750
OC-5124,2025-02-27,MP-0010,2235,PROV-24,2025-03-19,2025-04-04,244981
OC-5252,2025-07-03,MP-0018,1374,PROV-07,2025-07-14,2035-07-27,91904
OC-5665,2025-09-09,MP-0053,309,PROV-21,2025-09-21,2025-09-18,21843
OC-5245,2025-05-22,MP-0018,1090,PROV-07,2025-06-02,2025-06-09,91904
OC-5436,2025-11-01,MP-0030,1817,PROV-27,2025-11-17,2025-11-28,284982
OC-6358,2024-07-24,MP-0313,106,PROV-07,2024-07-31,2024-07-31,12338
OC-5745,2025-03-22,MP-0069,428,PROV-16,2025-04-03,2025-04-20,44153
OC-5471,2026-04-26,MP-0032,2127,PROV-03,2026-05-08,2026-05-17,196328
OC-6075,2025-03-15,MP-0130,441,PROV-11,2025-03-25,2025-04-01,74019
OC-5944,2026-03-25,MP-0104,290,PROV-06,2026-04-07,2026-04-12,71159
OC-5930,2025-10-01,MP-0102,219,PROV-34,2025-10-10,2025-10-15,15942
OC-5800,2025-10-27,MP-0081,335,PROV-04,2025-11-06,,29017
OC-5667,2026-01-11,MP-0054,303,PROV-35,2026-01-17,2026-01-29,52942
OC-5164,2025-08-11,MP-0012,1034,PROV-29,2025-08-25,2025-09-05,260365
OC-5116,2026-01-28,MP-0010,1992,PROV-24,2026-02-17,2026-02-28,244981
OC-5080,2025-08-05,MP-0007,656,PROV-01,2025-08-22,2025-09-03,313781
OC-5775,2025-07-18,MP-0075,135,PROV-33,2025-07-24,2025-08-02,30143
OC-5567,2024-07-10,MP-0039,1071,PROV-26,2024-07-29,2024-07-30,395252
OC-5483,2026-01-22,MP-0033,2066,PROV-15,2026-02-07,2026-02-07,157770
OC-5715,2026-04-03,MP-0061,284,PROV-23,2026-04-14,,53880
OC-6443,2025-09-10,MP-0393,30,PROV-11,2025-09-19,2025-09-30,9553
OC-6142,2026-04-02,MP-0142,382,PROV-26,2026-04-16,2026-04-15,34292
OC-5544,2025-05-16,MP-0037,905,PROV-34,2025-05-29,2025-06-17,101283
OC-5154,2026-02-05,MP-0012,802,PROV-29,2026-02-19,2026-02-15,260365
OC-6250,2026-01-06,MP-0208,110,PROV-11,2026-01-20,2026-01-22,8505
OC-5234,2025-04-22,MP-0017,2256,PROV-32,2025-05-14,2025-06-06,165823
OC-5691,2025-12-13,MP-0057,415,PROV-02,2025-12-21,2025-12-25,65040
OC-5239,2025-09-08,MP-0018,1063,PROV-07,2025-09-19,2025-10-05,91904
OC-5221,2024-09-11,MP-0017,2247,PROV-32,2024-10-03,2024-10-18,165823
OC-5795,2024-11-12,MP-0081,331,PROV-04,2024-11-22,2024-11-22,29017
OC-6035,2025-01-05,MP-0125,518,PROV-12,2025-01-11,2025-01-14,76778
OC-5707,2025-04-26,MP-0059,464,PROV-24,2025-05-06,2025-05-08,34481
OC-6390,2026-04-13,MP-0342,38,PROV-18,2026-04-22,2026-04-29,973
OC-5001,2025-02-28,MP-0001,426,PROV-02,2025-03-11,2025-03-15,299035
OC-5195,2024-11-21,MP-0014,973,PROV-26,2024-11-30,2024-12-07,234603
OC-5094,2025-09-01,MP-0008,746,PROV-20,2025-09-21,2025-10-17,310890
OC-5283,2025-08-03,MP-0021,955,PROV-03,2025-08-16,2025-08-25,188399
OC-5722,2025-08-17,MP-0063,183,PROV-34,2025-08-29,2025-09-10,30966
OC-6211,2026-06-26,MP-0170,19,PROV-13,2026-07-13,2026-07-29,4382
OC-5355,2025-08-19,MP-0025,1185,PROV-24,2025-09-07,2025-09-10,216530
OC-5758,2025-02-06,MP-0071,340,PROV-18,2025-02-16,2025-02-23,64609
OC-6285,2024-11-25,MP-0242,13,PROV-23,2024-12-08,2024-12-21,12815
OC-5747,2024-12-06,MP-0069,437,PROV-16,2024-12-18,2025-01-05,44153
OC-5515,2026-04-24,MP-0034,1240,PROV-03,2026-05-12,2026-05-29,318023
OC-5517,2025-12-11,MP-0035,1343,PROV-34,2025-12-28,2026-01-19,391712
OC-5470,2026-03-17,MP-0032,1720,PROV-03,2026-03-29,2026-03-30,196328
OC-5177,2026-06-01,MP-0014,1327,PROV-26,2026-06-10,2026-06-29,234603
OC-5983,2025-05-19,MP-0114,218,PROV-10,2025-05-26,2025-05-28,34343
OC-6455,2026-04-04,MP-0404,39,PROV-06,2026-04-14,2026-04-29,5831
OC-5912,2024-09-25,MP-0099,374,PROV-17,2024-10-01,2024-10-10,42946
OC-5788,2024-11-16,MP-0079,223,PROV-27,2024-12-01,2024-12-08,61211
OC-5038,2026-04-01,MP-0004,930,PROV-20,2026-04-13,2026-05-02,385136
OC-5211,2024-07-19,MP-0016,989,PROV-30,2024-08-03,2024-08-24,142723
OC-5285,2026-01-29,MP-0021,1009,PROV-03,2026-02-11,2026-02-26,188399
OC-6471,2024-08-14,MP-0420,29,PROV-33,2024-08-21,2024-08-28,13429
OC-5424,2025-12-12,MP-0030,1510,PROV-27,2025-12-28,2025-12-29,284982
OC-6072,2026-01-08,MP-0130,254,PROV-11,2026-01-18,2026-01-27,74019
OC-5224,2025-08-04,MP-0017,2083,PROV-32,2025-08-26,2025-09-22,165823
OC-6081,2025-02-20,MP-0131,356,PROV-35,2025-03-01,2025-03-03,37576
OC-5520,2026-01-05,MP-0035,1695,PROV-34,2026-01-22,2026-02-04,391712
OC-6159,2026-01-17,MP-0145,458,PROV-30,2026-01-24,2026-01-29,22774
OC-5872,2024-10-08,MP-0093,305,PROV-20,2024-10-15,2024-10-24,67888
OC-6126,2024-07-03,MP-0139,235,PROV-03,2024-07-12,,22444
OC-5865,2024-12-15,MP-0092,269,PROV-11,2024-12-26,2025-01-02,22184
OC-5317,2025-06-08,MP-0023,1609,PROV-26,2025-06-24,2025-07-13,120113
OC-5451,2024-12-06,MP-0032,1302,PROV-03,2024-12-18,2025-01-10,196328
OC-5570,2026-05-05,MP-0039,1073,PROV-26,2026-05-24,2026-06-06,395252
OC-6080,2025-03-07,MP-0131,420,PROV-35,2025-03-16,2025-03-31,37576
OC-5792,2025-11-18,MP-0080,172,PROV-24,2025-11-28,2025-11-28,39838
OC-5540,2026-02-19,MP-0036,414,PROV-32,2026-03-02,2026-03-14,339654
OC-6052,2025-11-19,MP-0128,391,PROV-22,2025-11-27,2025-12-03,56497
OC-5474,2026-05-04,MP-0032,2005,PROV-03,2026-05-16,2026-05-24,196328
OC-6077,2025-01-07,MP-0131,535,PROV-35,2025-01-16,2025-01-23,37576
OC-5693,2025-12-12,MP-0058,449,PROV-25,2025-12-18,2025-12-19,64400
OC-5318,2026-03-19,MP-0023,2098,PROV-26,2026-04-04,2026-04-10,120113
OC-5020,2024-08-17,MP-0002,1595,PROV-02,2024-09-09,,98702
OC-5764,2025-05-05,MP-0073,260,PROV-14,2025-05-16,2025-05-27,45806
OC-6144,2025-03-27,MP-0142,499,PROV-26,2025-04-10,2025-04-23,34292
OC-6033,2025-09-17,MP-0125,385,PROV-12,2025-09-23,2025-09-26,76778
OC-5560,2024-10-21,MP-0038,587,PROV-32,2024-11-08,2024-11-18,307900
OC-6329,2025-09-06,MP-0285,42,PROV-08,2025-09-22,2025-09-23,11740
OC-6173,2026-04-16,MP-0147,324,PROV-28,2026-04-26,2026-05-05,48242
OC-6418,2025-11-11,MP-0369,46,PROV-23,2025-11-25,2025-12-04,8062
OC-5369,2026-04-22,MP-0026,796,PROV-28,2026-05-03,2026-05-09,393154
OC-5246,2026-06-10,MP-0018,1385,PROV-07,2026-06-21,2026-06-28,91904
OC-5407,2024-08-06,MP-0029,901,PROV-04,2024-08-20,2024-08-26,310652
OC-5911,2025-07-10,MP-0099,386,PROV-17,2025-07-16,2025-07-20,42946
OC-5642,2025-09-14,MP-0049,123,PROV-05,2025-09-27,2025-10-10,27515
OC-5819,2025-07-20,MP-0084,291,PROV-34,2025-07-27,2025-08-03,26907
OC-5770,2024-11-28,MP-0074,438,PROV-01,2024-12-04,,57757
OC-5197,2024-11-13,MP-0014,1007,PROV-26,2024-11-22,,234603
OC-6133,2024-07-21,MP-0141,362,PROV-32,2024-07-27,2024-08-03,20387
OC-6259,2026-02-04,MP-0217,26,PROV-25,2026-02-18,2026-02-25,7822
OC-5646,2024-10-29,MP-0050,313,PROV-26,2024-11-04,2024-11-13,63500
OC-5148,2024-08-15,MP-0011,2053,PROV-17,2024-09-04,2024-09-29,356026
OC-5408,2025-03-25,MP-0029,881,PROV-04,2025-04-08,2025-04-22,310652
OC-6019,2025-01-28,MP-0121,285,PROV-16,2025-02-06,2025-02-12,50877
OC-6088,2026-03-07,MP-0133,194,PROV-01,2026-03-16,2026-03-26,24738
OC-5292,2026-02-14,MP-0022,1381,PROV-07,2026-02-27,2026-03-05,173118
OC-6382,2025-09-01,MP-0334,48,PROV-06,2025-09-12,2025-09-17,9561
OC-5750,2025-04-18,MP-0070,203,PROV-16,2025-04-27,2025-05-13,57954
OC-5180,2024-10-29,MP-0014,748,PROV-26,2024-11-07,2024-11-13,234603
OC-5958,2025-07-11,MP-0108,216,PROV-06,2025-07-23,2025-07-29,25925
OC-5114,2026-06-04,MP-0010,1606,PROV-24,2026-06-24,2026-06-20,244981
OC-5807,2024-07-15,MP-0083,275,PROV-07,2024-07-21,,73001
OC-5281,2024-08-23,MP-0021,1095,PROV-03,2024-09-05,2024-09-15,188399
OC-5512,2025-03-02,MP-0034,1410,PROV-03,2025-03-20,2025-04-15,318023
OC-5779,2024-10-02,MP-0076,118,PROV-11,2024-10-19,2024-11-04,29459
OC-6434,2025-12-05,MP-0385,81,PROV-07,2025-12-14,2025-12-22,11740
OC-5320,2025-05-16,MP-0023,1535,PROV-26,2025-06-01,2025-06-23,120113
OC-5532,2026-02-23,MP-0035,1382,PROV-34,2026-03-12,2026-03-11,391712
OC-5095,2025-08-13,MP-0009,1712,PROV-10,2025-08-31,2025-09-09,256746
OC-6093,2025-10-08,MP-0134,212,PROV-25,2025-10-20,2025-10-28,64521
OC-5136,2025-12-27,MP-0011,1111,PROV-17,2026-01-16,2026-02-10,356026
OC-6303,2025-07-15,MP-0259,19,PROV-27,2025-07-28,2025-08-11,1924
OC-6059,2026-01-02,MP-0128,480,PROV-22,2026-01-10,2026-01-17,56497
OC-5261,2025-09-07,MP-0018,1649,PROV-07,2025-09-18,2025-10-09,91904
OC-6257,2024-09-09,MP-0215,11,PROV-11,2024-09-20,2024-09-28,8972
OC-5726,2025-10-22,MP-0064,251,PROV-06,2025-11-02,2025-11-08,35201
OC-5162,2024-07-31,MP-0012,1140,PROV-29,2024-08-14,2024-08-30,260365
OC-6255,2025-12-22,MP-0213,17,PROV-34,2026-01-07,2026-01-27,13735
OC-6278,2024-12-14,MP-0235,10,PROV-28,2024-12-20,2024-12-28,6681
OC-5299,2025-10-10,MP-0022,1143,PROV-07,2025-10-23,2025-11-03,173118
OC-6244,2025-07-29,MP-0202,17,PROV-29,2025-08-13,2025-08-18,2983
OC-6136,2025-04-06,MP-0141,209,PROV-32,2025-04-12,2025-04-19,20387
OC-5614,2025-12-28,MP-0044,392,PROV-06,2026-01-02,2026-01-04,64011
OC-6305,2024-07-27,MP-0261,39,PROV-33,2024-08-03,2024-08-13,4365
OC-5723,2025-12-03,MP-0064,187,PROV-06,2025-12-14,2025-12-19,35201
OC-5446,2026-03-13,MP-0032,1553,PROV-03,2026-03-25,2026-04-07,196328
OC-6003,2024-08-21,MP-0118,433,PROV-09,2024-08-26,2024-09-02,71465
OC-5733,2025-06-04,MP-0066,322,PROV-27,2025-06-16,2025-06-19,21206
OC-5111,2024-11-12,MP-0009,1953,PROV-10,2024-11-30,2024-12-23,256746
OC-6152,2025-08-07,MP-0145,386,PROV-30,2025-08-14,2025-08-18,22774
OC-6084,2025-06-04,MP-0132,193,PROV-09,2025-06-15,2025-07-05,32995
OC-6005,2026-05-22,MP-0118,435,PROV-09,2026-05-27,2026-06-03,71465
OC-5049,2026-05-26,MP-0004,1096,PROV-20,2026-06-07,2026-06-27,385136
OC-5988,2026-05-14,MP-0115,242,PROV-18,2026-05-23,2026-06-02,26639
OC-6194,2025-06-27,MP-0154,14,PROV-09,2025-07-13,2025-07-06,14258
OC-5839,2026-05-20,MP-0088,357,PROV-17,2026-05-25,2026-05-25,42952
OC-5628,2026-02-22,MP-0046,302,PROV-14,2026-03-10,2026-03-26,36673
OC-6320,2025-12-27,MP-0276,56,PROV-06,2026-01-03,2026-01-10,1815
OC-5518,2025-01-28,MP-0035,1498,PROV-34,2025-02-14,2025-03-13,391712
OC-5102,2026-03-30,MP-0009,1265,PROV-10,2026-04-17,2026-04-19,256746
OC-5734,2024-09-13,MP-0066,313,PROV-27,2024-09-25,2024-09-20,21206
OC-5468,2025-05-07,MP-0032,1789,PROV-03,2025-05-19,2025-05-17,196328
OC-5053,2024-09-01,MP-0005,1018,PROV-15,2024-09-15,2024-09-14,141286
OC-5696,2026-01-15,MP-0058,419,PROV-25,2026-01-21,,64400
OC-5766,2024-11-21,MP-0074,368,PROV-01,2024-11-27,2024-12-01,57757
OC-6054,2024-12-09,MP-0128,369,PROV-22,2024-12-17,2024-12-19,56497
OC-6351,2026-03-04,MP-0306,11,PROV-35,2026-03-19,2026-04-02,6945
OC-5997,2025-04-11,MP-0118,246,PROV-09,2025-04-16,2025-04-18,71465
OC-5679,2024-07-22,MP-0056,273,PROV-35,2024-07-29,2024-08-04,18750
OC-6024,2025-12-30,MP-0123,273,PROV-26,2026-01-14,,29806
OC-6221,2024-10-23,MP-0179,43,PROV-27,2024-11-07,2024-11-19,11205
OC-5504,2025-08-16,MP-0034,1586,PROV-03,2025-09-03,2025-09-04,318023
OC-5444,2025-07-01,MP-0031,599,PROV-17,2025-07-14,2025-07-29,324073
OC-5209,2025-07-08,MP-0016,879,PROV-30,2025-07-23,2025-08-14,142723
OC-6034,2025-09-05,MP-0125,366,PROV-12,2025-09-11,2025-09-16,76778
OC-5631,2024-08-26,MP-0047,376,PROV-34,2024-09-07,2024-09-18,60848
OC-5977,2025-08-27,MP-0113,102,PROV-11,2025-09-03,2025-09-11,60878
OC-5008,2025-11-10,MP-0001,523,PROV-02,2025-11-21,2025-12-10,299035
OC-5201,2025-08-27,MP-0015,746,PROV-03,2025-09-11,2025-09-27,151416
OC-5742,2025-09-21,MP-0068,123,PROV-24,2025-09-30,2025-10-12,33602
OC-5940,2024-10-26,MP-0103,580,PROV-09,2024-11-03,2024-11-15,50643
OC-5188,2024-10-09,MP-0014,1064,PROV-26,2024-10-18,2024-10-31,234603
OC-5543,2025-05-19,MP-0037,817,PROV-34,2025-06-01,,101283
OC-5904,2026-05-05,MP-0099,586,PROV-17,2026-05-11,,42946
OC-5671,2025-01-30,MP-0054,250,PROV-35,2025-02-05,2025-02-10,52942
OC-5199,2024-08-30,MP-0015,663,PROV-03,2024-09-14,2024-10-11,151416
OC-5602,2026-01-04,MP-0043,268,PROV-31,2026-01-15,2026-01-28,79081
OC-6141,2025-06-04,MP-0142,379,PROV-26,2025-06-18,2025-06-24,34292
OC-6165,2026-06-03,MP-0146,364,PROV-33,2026-06-09,2026-06-15,31220
OC-5634,2026-02-22,MP-0047,229,PROV-34,2026-03-06,2026-03-19,60848
OC-5030,2026-04-01,MP-0003,885,PROV-01,2026-04-15,2026-05-02,178655
OC-5656,2025-11-20,MP-0051,348,PROV-15,2025-12-04,2025-12-12,68499
OC-5724,2025-06-05,MP-0064,142,PROV-06,2025-06-16,2025-06-26,35201
OC-5023,2025-03-10,MP-0002,1970,PROV-02,2025-04-02,2025-05-08,98702
OC-5889,2026-03-01,MP-0096,224,PROV-29,2026-03-09,2026-03-18,51577
OC-6236,2024-09-24,MP-0194,62,PROV-08,2024-10-07,,7578
OC-5478,2024-11-23,MP-0033,1193,PROV-15,2024-12-09,2024-12-27,157770
OC-5066,2026-02-01,MP-0005,985,PROV-15,2026-02-15,2026-02-25,141286
OC-5490,2024-10-30,MP-0033,2103,PROV-15,2024-11-15,2024-12-08,157770
OC-5132,2025-03-03,MP-0010,1356,PROV-24,2025-03-23,2025-04-03,244981
OC-5413,2025-07-30,MP-0030,1703,PROV-27,2025-08-15,2025-09-01,284982
OC-5547,2025-09-21,MP-0037,650,PROV-34,2025-10-04,2025-10-17,101283
OC-6110,2026-01-26,MP-0137,375,PROV-09,2026-02-01,2026-02-10,39144
OC-6458,2024-12-19,MP-0407,3,PROV-02,2024-12-24,2024-12-29,11177
OC-5852,2024-07-19,MP-0089,316,PROV-14,2024-07-28,2024-08-02,56054
OC-6013,2026-03-07,MP-0121,472,PROV-16,2026-03-16,2026-03-19,50877
OC-5711,2025-07-03,MP-0060,181,PROV-25,2025-07-20,2025-07-25,33628
OC-5202,2024-10-27,MP-0015,913,PROV-03,2024-11-11,2024-11-29,151416
OC-5241,2025-01-03,MP-0018,1772,PROV-07,2025-01-14,2025-01-14,91904
OC-5082,2026-03-26,MP-0007,980,PROV-01,2026-04-12,2026-04-27,313781
OC-6269,2026-03-13,MP-0226,17,PROV-27,2026-03-21,2026-03-29,7832
OC-5415,2025-02-17,MP-0030,1314,PROV-27,2025-03-05,2025-03-14,284982
OC-5450,2025-01-20,MP-0032,2183,PROV-03,2025-02-01,2025-02-06,196328
OC-6452,2025-12-21,MP-0402,74,PROV-04,2025-12-28,2026-01-03,7198
OC-5412,2026-01-07,MP-0030,1513,PROV-27,2026-01-23,2026-01-29,284982
OC-6037,2025-02-07,MP-0125,343,PROV-12,2025-02-13,2025-02-19,76778
OC-6232,2024-07-19,MP-0190,50,PROV-30,2024-07-24,2024-07-27,8785
OC-5398,2024-07-27,MP-0029,1308,PROV-04,2024-08-10,2024-08-21,310652
OC-5360,2025-01-30,MP-0026,1111,PROV-28,2025-02-10,2025-02-12,393154
OC-6261,2026-03-08,MP-0218,92,PROV-07,2026-03-14,2026-03-22,10287
OC-6436,2025-11-09,MP-0387,107,PROV-22,2025-11-15,2025-11-15,10078
OC-5196,2025-08-31,MP-0014,1327,PROV-26,2025-09-09,2025-09-17,234603
OC-6356,2025-07-31,MP-0311,71,PROV-26,2025-08-08,2025-08-16,4693
OC-6178,2026-02-01,MP-0147,403,PROV-28,2026-02-11,2026-02-17,48242
OC-6287,2025-03-26,MP-0244,55,PROV-15,2025-04-11,2025-04-24,6572
OC-5207,2025-10-31,MP-0016,1142,PROV-30,2025-11-15,2025-11-12,142723
OC-5375,2025-12-03,MP-0027,520,PROV-27,2025-12-19,2025-12-27,179174
OC-5007,2025-08-07,MP-0001,632,PROV-02,2025-08-18,2025-09-07,299035
OC-5315,2024-11-16,MP-0023,2087,PROV-26,2024-12-02,2024-12-19,120113
OC-6106,2025-02-25,MP-0136,376,PROV-03,2025-03-13,2025-03-14,50144
OC-5989,2025-06-01,MP-0115,192,PROV-18,2025-06-10,2035-06-21,26639
OC-6286,2025-01-21,MP-0243,70,PROV-20,2025-01-29,2025-01-27,7117
OC-5787,2026-01-14,MP-0078,122,PROV-12,2026-02-01,2026-02-26,56933
OC-5692,2024-08-03,MP-0057,467,PROV-02,2024-08-11,2024-08-22,65040
OC-5936,2024-09-28,MP-0103,444,PROV-09,2024-10-06,2024-10-15,50643
OC-5816,2025-02-02,MP-0084,346,PROV-34,2025-02-09,2025-02-18,26907
OC-6268,2026-06-05,MP-0225,60,PROV-02,2026-06-10,2026-06-10,7878
OC-6151,2025-05-30,MP-0145,249,PROV-30,2025-06-06,2025-06-05,22774
OC-5847,2026-03-11,MP-0089,271,PROV-14,2026-03-20,2026-03-29,56054
OC-5026,2026-06-26,MP-0002,1362,PROV-02,2026-07-19,2026-08-14,98702
OC-5073,2025-10-21,MP-0006,734,PROV-08,2025-11-05,2025-11-11,142141
OC-5829,2025-08-05,MP-0087,301,PROV-23,2025-08-13,2025-08-14,77924
OC-5044,2025-12-12,MP-0004,895,PROV-20,2025-12-24,,385136
OC-6449,2025-01-23,MP-0399,56,PROV-15,2025-02-02,2025-02-06,5285
OC-6208,2026-03-12,MP-0167,78,PROV-33,2026-03-19,2026-03-30,13015
OC-5778,2025-01-18,MP-0076,186,PROV-11,2025-02-04,2025-02-08,29459
OC-5014,2025-07-04,MP-0002,2239,PROV-02,2025-07-27,2025-08-23,98702
OC-5025,2025-12-11,MP-0002,2444,PROV-02,2026-01-03,2026-02-01,98702
OC-5926,2025-11-15,MP-0101,248,PROV-16,2025-11-22,2025-12-02,70351
OC-5218,2024-08-20,MP-0017,1648,PROV-32,2024-09-11,2035-09-21,165823
OC-6370,2024-10-22,MP-0322,27,PROV-03,2024-11-01,2024-11-12,8687
OC-5844,2025-10-26,MP-0088,501,PROV-17,2025-10-31,2025-11-11,42952
OC-6373,2025-06-16,MP-0325,9,PROV-22,2025-06-30,2025-07-12,431
OC-5175,2025-10-19,MP-0013,864,PROV-06,2025-11-06,2025-11-16,361794
OC-6192,2025-12-31,MP-0152,69,PROV-09,2026-01-14,2026-01-25,10764
OC-5606,2026-05-18,MP-0044,354,PROV-06,2026-05-23,,64011
OC-5535,2025-12-28,MP-0036,413,PROV-32,2026-01-08,2026-01-09,339654
OC-5130,2025-01-08,MP-0010,1459,PROV-24,2025-01-28,2025-01-29,244981
OC-5394,2025-10-03,MP-0029,1283,PROV-04,2025-10-17,2025-10-24,310652
OC-6177,2024-08-15,MP-0147,306,PROV-28,2024-08-25,2024-09-06,48242
OC-6051,2024-12-11,MP-0127,277,PROV-19,2024-12-19,,17887
OC-6258,2025-11-17,MP-0216,94,PROV-16,2025-11-29,2025-12-03,12449
OC-5530,2024-09-06,MP-0035,2115,PROV-34,2024-09-23,2024-09-28,391712
OC-5804,2026-05-23,MP-0083,248,PROV-07,2026-05-29,2026-06-05,73001
OC-6348,2026-03-30,MP-0303,86,PROV-25,2026-04-09,2026-04-19,8849
OC-5338,2024-10-10,MP-0024,1291,PROV-31,2024-10-30,2024-11-08,223650
OC-5725,2024-12-13,MP-0064,189,PROV-06,2024-12-24,2024-12-24,35201
OC-5999,2024-07-31,MP-0118,463,PROV-09,2024-08-05,2024-08-11,71465
OC-6189,2024-11-22,MP-0150,134,PROV-21,2024-12-02,2024-12-10,40425
OC-6309,2025-11-12,MP-0265,5,PROV-29,2025-11-19,2025-11-21,8263
OC-6393,2025-08-24,MP-0345,73,PROV-31,2025-08-30,2025-09-08,14371
OC-6264,2025-06-07,MP-0221,109,PROV-14,2025-06-22,2025-07-01,3107
OC-5526,2025-11-24,MP-0035,1261,PROV-34,2025-12-11,2026-01-07,391712
OC-5623,2024-11-01,MP-0045,421,PROV-09,2024-11-07,2024-11-10,62696
OC-5404,2026-04-10,MP-0029,1306,PROV-04,2026-04-24,2026-05-04,310652
OC-5348,2025-08-02,MP-0024,1480,PROV-31,2025-08-22,2025-09-12,223650
OC-5295,2025-03-18,MP-0022,1394,PROV-07,2025-03-31,2025-04-06,173118
OC-5087,2024-10-31,MP-0007,510,PROV-01,2024-11-17,2035-12-08,313781
OC-6439,2025-09-05,MP-0389,69,PROV-17,2025-09-10,2025-09-14,2311
OC-5942,2024-09-18,MP-0104,258,PROV-06,2024-10-01,2024-10-06,71159
OC-5176,2025-08-30,MP-0013,899,PROV-06,2025-09-17,2025-09-29,361794
OC-6315,2025-01-12,MP-0271,80,PROV-18,2025-01-22,2025-01-19,6198
OC-5632,2025-04-21,MP-0047,326,PROV-34,2025-05-03,2025-05-16,60848
OC-5296,2026-02-17,MP-0022,1272,PROV-07,2026-03-02,2026-03-12,173118
OC-5974,2026-03-15,MP-0112,243,PROV-20,2026-03-26,2026-04-04,23398
OC-6157,2026-02-09,MP-0145,296,PROV-30,2026-02-16,2026-02-20,22774
OC-6012,2025-04-27,MP-0120,369,PROV-01,2025-05-11,2025-06-04,57256
OC-6288,2025-06-16,MP-0245,37,PROV-23,2025-06-27,2025-07-02,2815
OC-6433,2024-07-19,MP-0384,3,PROV-05,2024-08-02,,14848
OC-5876,2026-05-04,MP-0094,473,PROV-11,2026-05-16,2026-05-23,40900
OC-5137,2025-06-10,MP-0011,1108,PROV-17,2025-06-30,2025-08-04,356026
OC-5890,2026-01-25,MP-0096,279,PROV-29,2026-02-02,2026-02-05,51577
OC-5182,2025-08-06,MP-0014,1333,PROV-26,2025-08-15,2025-08-22,234603
OC-5208,2026-01-24,MP-0016,858,PROV-30,2026-02-08,2026-02-22,142723
OC-5703,2025-11-04,MP-0058,522,PROV-25,2025-11-10,2025-11-14,64400
OC-6385,2025-03-05,MP-0337,32,PROV-13,2025-03-10,2025-03-13,3350
OC-6007,2025-01-25,MP-0119,135,PROV-19,2025-02-04,2025-02-15,55990
OC-5089,2026-01-31,MP-0008,766,PROV-20,2026-02-20,2026-02-16,310890
OC-6190,2026-05-08,MP-0150,245,PROV-21,2026-05-18,2026-05-29,40425
OC-6323,2024-11-12,MP-0279,43,PROV-17,2024-11-26,2024-12-01,1287
OC-5443,2025-08-23,MP-0031,755,PROV-17,2025-09-05,2025-09-28,324073
OC-6248,2024-11-10,MP-0206,93,PROV-25,2024-11-23,2024-12-12,13367
OC-6222,2024-09-19,MP-0180,40,PROV-22,2024-10-02,2024-10-16,6718
OC-5514,2025-07-23,MP-0034,1406,PROV-03,2025-08-10,2025-08-27,318023
OC-5894,2025-11-09,MP-0097,140,PROV-30,2025-11-19,2025-11-27,56581
OC-5156,2025-07-15,MP-0012,773,PROV-29,2025-07-29,2025-08-15,260365
OC-5440,2025-04-12,MP-0031,506,PROV-17,2025-04-25,2025-05-12,324073
OC-5480,2026-05-06,MP-0033,2062,PROV-15,2026-05-22,2026-06-12,157770
OC-5565,2026-04-09,MP-0039,733,PROV-26,2026-04-28,2026-05-23,395252
OC-5508,2025-03-05,MP-0034,1801,PROV-03,2025-03-23,,318023
OC-6343,2024-10-05,MP-0298,60,PROV-26,2024-10-17,2024-11-09,3294
OC-5419,2024-12-29,MP-0030,1747,PROV-27,2025-01-14,2025-01-29,284982
OC-5637,2025-10-22,MP-0048,296,PROV-07,2025-10-30,2025-11-08,15566
OC-6437,2026-04-06,MP-0387,89,PROV-22,2026-04-12,2026-04-14,10078
OC-5874,2024-10-18,MP-0093,363,PROV-20,2024-10-25,2024-10-31,67888
OC-5987,2025-07-14,MP-0115,292,PROV-18,2025-07-23,2025-07-26,26639
OC-5823,2024-07-03,MP-0086,180,PROV-33,2024-07-18,2024-07-30,69618
OC-5868,2024-11-18,MP-0093,248,PROV-20,2024-11-25,2024-12-05,67888
OC-6239,2025-06-30,MP-0197,50,PROV-06,2025-07-07,2025-07-05,3935
OC-5502,2026-01-18,MP-0034,1843,PROV-03,2026-02-05,2026-02-18,318023
OC-6425,2024-07-21,MP-0376,77,PROV-32,2024-08-05,2024-08-23,4456
OC-5586,2025-11-20,MP-0040,1161,PROV-31,2025-12-07,2025-12-28,143609
OC-5328,2024-09-21,MP-0023,1244,PROV-26,2024-10-07,2024-10-17,120113
OC-5554,2024-10-12,MP-0038,686,PROV-32,2024-10-30,2024-11-10,307900
OC-5270,2025-09-01,MP-0020,743,PROV-29,2025-09-16,2025-10-04,248445
OC-5070,2025-09-03,MP-0005,1426,PROV-15,2025-09-17,2025-09-28,141286
OC-6316,2026-04-23,MP-0272,64,PROV-16,2026-04-30,2026-05-07,12300
OC-5277,2024-12-08,MP-0020,896,PROV-29,2024-12-23,2025-01-06,248445
OC-5452,2026-02-11,MP-0032,2174,PROV-03,2026-02-23,2026-02-25,196328
OC-5310,2026-01-31,MP-0022,1616,PROV-07,2026-02-13,2026-02-28,173118
OC-6369,2026-04-13,MP-0321,63,PROV-06,2026-04-24,2026-05-06,14487
OC-6254,2026-05-16,MP-0212,114,PROV-35,2026-05-26,2026-05-30,14895
OC-5592,2025-01-28,MP-0041,192,PROV-26,2025-02-06,,33775
OC-5113,2025-09-03,MP-0009,1992,PROV-10,2025-09-21,2025-10-21,256746
OC-5107,2025-09-30,MP-0009,1829,PROV-10,2025-10-18,2025-11-07,256746
OC-5238,2025-07-18,MP-0017,1481,PROV-32,2025-08-09,2025-09-01,165823
OC-5510,2024-11-19,MP-0034,1327,PROV-03,2024-12-07,2024-12-13,318023
OC-6251,2025-10-20,MP-0209,3,PROV-02,2025-10-29,2025-11-09,5569
OC-6209,2024-09-25,MP-0168,35,PROV-27,2024-10-05,2024-10-21,2412
OC-5891,2026-02-20,MP-0097,139,PROV-30,2026-03-02,2026-03-05,56581
OC-5718,2026-03-10,MP-0062,197,PROV-08,2026-03-23,2026-03-28,42841
OC-5992,2025-05-25,MP-0117,211,PROV-27,2025-06-04,,19690
OC-5616,2026-05-22,MP-0044,311,PROV-06,2026-05-27,2026-06-04,64011
OC-5748,2025-01-21,MP-0069,460,PROV-16,2025-02-02,2025-02-20,44153
OC-6090,2025-08-26,MP-0133,255,PROV-01,2025-09-04,2025-09-08,24738
OC-5250,2026-05-30,MP-0018,1063,PROV-07,2026-06-10,2026-06-16,91904
OC-6097,2024-09-15,MP-0135,299,PROV-01,2024-09-20,2024-09-27,25279
OC-5749,2025-06-12,MP-0069,403,PROV-16,2025-06-24,2025-07-14,44153
OC-5968,2024-11-08,MP-0110,182,PROV-26,2024-11-16,2024-11-22,70066
OC-5101,2025-05-19,MP-0009,2049,PROV-10,2025-06-06,2025-06-19,256746
OC-5386,2025-05-18,MP-0028,747,PROV-06,2025-06-06,2025-06-26,367530
OC-5075,2025-07-30,MP-0006,477,PROV-08,2025-08-14,2025-08-22,142141
OC-5251,2025-05-14,MP-0018,1180,PROV-07,2025-05-25,2025-06-26,91904
OC-5573,2025-12-30,MP-0040,1060,PROV-31,2026-01-16,2026-01-17,143609
OC-5835,2025-11-18,MP-0088,375,PROV-17,2025-11-23,2025-11-27,42952
OC-6376,2026-03-25,MP-0328,35,PROV-26,2026-04-05,2026-04-17,11117
OC-5509,2026-06-06,MP-0034,1244,PROV-03,2026-06-24,2026-07-03,318023
OC-5097,2024-09-19,MP-0009,1233,PROV-10,2024-10-07,2024-10-30,256746
OC-6195,2024-08-25,MP-0155,54,PROV-09,2024-09-02,2024-08-30,14126
OC-6102,2025-08-27,MP-0135,421,PROV-01,2025-09-01,2025-09-03,25279
OC-5888,2025-03-14,MP-0096,167,PROV-29,2025-03-22,2025-04-03,51577
OC-5624,2024-11-21,MP-0045,410,PROV-09,2024-11-27,2024-12-02,62696
OC-5702,2026-01-14,MP-0058,457,PROV-25,2026-01-20,2026-01-25,64400
OC-5179,2025-12-22,MP-0014,1369,PROV-26,2025-12-31,2026-01-05,234603
OC-5146,2025-05-12,MP-0011,2027,PROV-17,2025-06-01,2025-06-23,356026
OC-6394,2025-03-04,MP-0345,93,PROV-31,2025-03-10,2025-03-18,14371
OC-6148,2025-11-18,MP-0144,137,PROV-02,2025-11-28,2025-12-04,49362
OC-5214,2025-11-01,MP-0016,1057,PROV-30,2025-11-16,2025-12-07,142723
OC-6021,2025-11-02,MP-0121,465,PROV-16,2025-11-11,2025-11-18,50877
OC-5955,2024-08-26,MP-0107,182,PROV-07,2024-09-09,2024-09-25,69513
OC-6279,2026-06-14,MP-0236,49,PROV-01,2026-06-24,2026-07-06,12660
OC-5913,2025-07-14,MP-0099,341,PROV-17,2025-07-20,2025-07-22,42946
OC-5883,2026-05-16,MP-0095,230,PROV-08,2026-05-24,2026-05-25,49436
OC-5280,2024-09-18,MP-0021,955,PROV-03,2024-10-01,2024-10-21,188399
OC-6047,2025-07-23,MP-0127,284,PROV-19,2025-07-31,2025-08-06,17887
OC-5629,2025-11-28,MP-0046,409,PROV-14,2025-12-14,2025-12-26,36673
OC-6294,2025-10-26,MP-0251,45,PROV-29,2025-11-05,2025-11-12,11276
OC-5840,2024-10-28,MP-0088,439,PROV-17,2024-11-02,2024-11-03,42952
OC-5150,2024-10-12,MP-0012,809,PROV-29,2024-10-26,2024-11-09,260365
OC-5866,2025-01-18,MP-0092,316,PROV-11,2025-01-29,2025-02-05,22184
OC-5960,2024-07-13,MP-0109,327,PROV-19,2024-07-24,2024-07-24,60010
OC-6451,2024-09-26,MP-0401,73,PROV-18,2024-10-07,2024-10-18,2358
OC-5810,2025-06-03,MP-0084,435,PROV-34,2025-06-10,2025-06-18,26907
OC-5828,2024-07-03,MP-0087,468,PROV-23,2024-07-11,2024-07-14,77924
OC-5090,2025-06-11,MP-0008,705,PROV-20,2025-07-01,2025-07-29,310890
OC-5459,2025-06-02,MP-0032,1717,PROV-03,2025-06-14,2025-06-18,196328
OC-6328,2026-04-29,MP-0284,31,PROV-06,2026-05-08,2026-05-23,4906
OC-6010,2025-01-11,MP-0120,376,PROV-01,2025-01-25,2025-02-11,57256
OC-5488,2025-07-14,MP-0033,2190,PROV-15,2025-07-30,2025-08-11,157770
OC-5166,2026-06-03,MP-0013,1488,PROV-06,2026-06-21,2026-07-14,361794
OC-5873,2025-08-27,MP-0093,202,PROV-20,2025-09-03,2025-09-08,67888
OC-6427,2026-03-13,MP-0378,86,PROV-15,2026-03-21,2026-03-29,6961
OC-6300,2026-05-28,MP-0256,66,PROV-29,2026-06-02,2026-06-03,1070
OC-6282,2025-04-17,MP-0239,77,PROV-13,2025-05-02,2025-05-09,10488
OC-6069,2025-07-04,MP-0130,257,PROV-11,2025-07-14,,74019
OC-5916,2025-10-19,MP-0100,281,PROV-10,2025-10-27,2025-11-04,61699
OC-6293,2025-02-14,MP-0250,16,PROV-02,2025-03-01,2025-03-12,12978
OC-6415,2026-04-04,MP-0366,83,PROV-19,2026-04-16,2026-05-01,8061
OC-5962,2025-08-26,MP-0109,257,PROV-19,2025-09-06,2025-09-14,60010
OC-5171,2026-04-20,MP-0013,793,PROV-06,2026-05-08,2026-05-19,361794
OC-5104,2024-12-30,MP-0009,1989,PROV-10,2025-01-17,,256746
OC-5414,2026-03-13,MP-0030,2545,PROV-27,2026-03-29,2026-04-15,284982
OC-6311,2024-12-31,MP-0267,12,PROV-10,2025-01-11,2025-01-09,7722
OC-5533,2025-02-12,MP-0036,398,PROV-32,2025-02-23,2025-03-09,339654
OC-6274,2025-12-04,MP-0231,37,PROV-08,2025-12-18,2025-12-25,13541
OC-6381,2025-02-03,MP-0333,36,PROV-21,2025-02-10,2025-02-12,13687
OC-5549,2025-06-08,MP-0037,550,PROV-34,2025-06-21,2025-07-07,101283
OC-6313,2025-05-15,MP-0269,34,PROV-12,2025-05-21,2025-06-03,2974
OC-6064,2026-03-01,MP-0129,418,PROV-18,2026-03-13,2026-04-05,38308
OC-5664,2025-09-14,MP-0053,214,PROV-21,2025-09-26,2025-09-30,21843
OC-5923,2026-05-27,MP-0101,213,PROV-16,2026-06-03,,70351
OC-5741,2024-10-31,MP-0068,156,PROV-24,2024-11-09,2024-11-20,33602
OC-5353,2024-10-12,MP-0025,720,PROV-24,2024-10-31,2024-11-14,216530
OC-5274,2026-04-13,MP-0020,630,PROV-29,2026-04-28,2026-04-29,248445
OC-5918,2025-04-11,MP-0100,203,PROV-10,2025-04-19,2025-04-26,61699
OC-6217,2025-10-08,MP-0176,101,PROV-23,2025-10-13,2025-10-22,579
OC-5462,2025-03-14,MP-0032,1550,PROV-03,2025-03-26,2025-03-25,196328
OC-5975,2025-07-20,MP-0112,243,PROV-20,2025-07-31,2025-08-21,23398
OC-5984,2026-04-21,MP-0114,248,PROV-10,2026-04-28,2026-05-07,34343
OC-5743,2025-09-13,MP-0068,128,PROV-24,2025-09-22,2025-09-30,33602
OC-5390,2024-08-04,MP-0028,547,PROV-06,2024-08-23,2024-09-21,367530
OC-5457,2026-06-23,MP-0032,2146,PROV-03,2026-07-05,2026-07-13,196328
OC-5290,2025-04-06,MP-0021,1066,PROV-03,2025-04-19,2025-04-27,188399
OC-6407,2025-07-13,MP-0358,63,PROV-03,2025-07-26,2025-08-07,10081
OC-6426,2024-12-23,MP-0377,45,PROV-01,2025-01-04,2025-01-17,5853
OC-5575,2024-10-01,MP-0040,1791,PROV-31,2024-10-18,2024-10-14,143609
OC-5753,2025-09-08,MP-0070,255,PROV-16,2025-09-17,2025-10-02,57954
OC-5842,2025-03-18,MP-0088,283,PROV-17,2025-03-23,,42952
OC-6317,2026-02-06,MP-0273,2,PROV-24,2026-02-14,2026-02-15,9058
OC-5933,2024-09-02,MP-0103,350,PROV-09,2024-09-10,2024-09-24,50643
OC-5065,2025-07-21,MP-0005,1357,PROV-15,2025-08-04,2025-08-06,141286
OC-6374,2026-01-26,MP-0326,60,PROV-23,2026-02-02,2026-02-13,913
OC-5765,2024-08-02,MP-0074,338,PROV-01,2024-08-08,2024-08-11,57757
OC-6154,2025-04-16,MP-0145,451,PROV-30,2025-04-23,2025-04-26,22774
OC-6384,2025-02-20,MP-0336,28,PROV-09,2025-03-02,2025-03-20,10058
OC-5233,2024-08-28,MP-0017,1404,PROV-32,2024-09-19,2024-09-29,165823
OC-5760,2026-06-04,MP-0072,155,PROV-09,2026-06-17,2026-07-07,15680
OC-5342,2025-08-20,MP-0024,1974,PROV-31,2025-09-09,2025-09-10,223650
OC-5931,2024-10-01,MP-0102,257,PROV-34,2024-10-10,2024-10-20,15942
OC-6339,2025-05-23,MP-0294,3,PROV-26,2025-05-30,2025-06-03,3954
OC-5593,2024-10-21,MP-0041,252,PROV-26,2024-10-30,2024-11-14,33775
OC-6338,2025-07-05,MP-0293,31,PROV-08,2025-07-16,2025-07-27,8453
OC-5434,2024-09-27,MP-0030,1842,PROV-27,2024-10-13,2024-10-15,284982
OC-5801,2025-09-15,MP-0082,128,PROV-14,2025-09-22,2025-09-25,23972
OC-5477,2024-07-14,MP-0033,2272,PROV-15,2024-07-30,2024-08-14,157770
OC-5690,2025-02-16,MP-0057,557,PROV-02,2025-02-24,2025-02-28,65040
OC-5721,2024-09-18,MP-0063,154,PROV-34,2024-09-30,2024-10-23,30966
OC-5083,2025-09-29,MP-0007,843,PROV-01,2025-10-16,,313781
OC-5516,2025-01-16,MP-0035,1966,PROV-34,2025-02-02,2025-02-07,391712
OC-6063,2025-01-30,MP-0129,451,PROV-18,2025-02-11,2025-02-27,38308
OC-5159,2026-05-01,MP-0012,823,PROV-29,2026-05-15,2026-05-24,260365
OC-5220,2026-04-16,MP-0017,1558,PROV-32,2026-05-08,2026-05-16,165823
OC-6438,2025-09-21,MP-0388,6,PROV-31,2025-10-06,,3807
OC-5128,2025-04-04,MP-0010,1584,PROV-24,2025-04-24,2025-05-09,244981
OC-6053,2025-04-26,MP-0128,259,PROV-22,2025-05-04,2025-05-08,56497
OC-5618,2024-12-30,MP-0045,418,PROV-09,2025-01-05,2025-01-07,62696
OC-5663,2025-03-26,MP-0053,253,PROV-21,2025-04-07,2025-04-15,21843
OC-5099,2026-04-28,MP-0009,2053,PROV-10,2026-05-16,2026-06-21,256746
OC-5553,2025-01-17,MP-0038,597,PROV-32,2025-02-04,2025-02-13,307900
OC-5013,2024-09-05,MP-0002,1250,PROV-02,2024-09-28,2024-09-23,98702
OC-5568,2024-07-11,MP-0039,1097,PROV-26,2024-07-30,2024-08-09,395252
OC-5219,2025-04-13,MP-0017,2014,PROV-32,2025-05-05,2025-05-18,165823
OC-5774,2024-11-30,MP-0075,135,PROV-33,2024-12-06,2024-12-17,30143
OC-6214,2026-02-05,MP-0173,57,PROV-25,2026-02-14,2026-02-19,7717
OC-5605,2025-06-12,MP-0043,246,PROV-31,2025-06-23,2025-07-11,79081
OC-6336,2025-06-30,MP-0291,34,PROV-05,2025-07-06,2025-07-13,13498
OC-6130,2024-07-12,MP-0140,159,PROV-20,2024-07-21,2024-08-02,69076
OC-6411,2025-08-29,MP-0362,55,PROV-07,2025-09-06,2025-09-12,10899
OC-5028,2025-06-27,MP-0003,586,PROV-01,2025-07-11,2025-07-09,178655
OC-5323,2024-09-20,MP-0023,1938,PROV-26,2024-10-06,2024-10-28,120113
OC-6276,2024-08-15,MP-0233,8,PROV-01,2024-08-25,2024-09-01,5273
OC-5969,2025-12-10,MP-0110,239,PROV-26,2025-12-18,2025-12-26,70066
OC-5147,2025-01-03,MP-0011,2002,PROV-17,2025-01-23,2025-01-25,356026
OC-6453,2025-10-15,MP-0402,61,PROV-04,2025-10-22,2025-10-30,7198
OC-5043,2025-01-31,MP-0004,1135,PROV-20,2025-02-12,2025-02-26,385136
OC-6417,2025-09-08,MP-0368,86,PROV-19,2025-09-19,2025-09-30,9888
OC-6179,2024-12-03,MP-0147,340,PROV-28,2024-12-13,2024-12-16,48242
OC-5096,2025-05-05,MP-0009,1312,PROV-10,2025-05-23,,256746
OC-5925,2026-06-08,MP-0101,380,PROV-16,2026-06-15,2026-06-22,70351
OC-6073,2025-08-03,MP-0130,448,PROV-11,2025-08-13,2025-08-20,74019
OC-5475,2026-04-06,MP-0032,2056,PROV-03,2026-04-18,2026-04-23,196328
OC-5302,2026-03-14,MP-0022,1316,PROV-07,2026-03-27,2026-04-10,173118
OC-5343,2026-01-31,MP-0024,1596,PROV-31,2026-02-20,2026-02-24,223650
OC-6045,2026-02-03,MP-0126,209,PROV-23,2026-02-16,2026-02-24,42475
OC-5366,2026-02-24,MP-0026,1171,PROV-28,2026-03-07,2026-03-06,393154
OC-5521,2026-06-16,MP-0035,1367,PROV-34,2026-07-03,2026-07-05,391712
OC-5579,2025-08-29,MP-0040,1729,PROV-31,2025-09-15,2025-09-30,143609
OC-5170,2024-10-26,MP-0013,853,PROV-06,2024-11-13,2024-12-01,361794
OC-6104,2026-02-01,MP-0135,362,PROV-01,2026-02-06,2026-02-13,25279
OC-6263,2025-09-08,MP-0220,23,PROV-19,2025-09-14,2025-09-14,1498
OC-5773,2025-12-25,MP-0074,263,PROV-01,2025-12-31,2026-01-06,57757
OC-6321,2025-03-28,MP-0277,22,PROV-23,2025-04-08,2025-04-19,1976
OC-6091,2025-05-02,MP-0134,266,PROV-25,2025-05-14,2025-05-25,64521
OC-5018,2024-07-23,MP-0002,1326,PROV-02,2024-08-15,2024-08-19,98702
OC-5928,2026-02-02,MP-0102,211,PROV-34,2026-02-11,2026-02-26,15942
OC-6049,2025-11-16,MP-0127,256,PROV-19,2025-11-24,2025-11-28,17887
OC-5012,2024-11-02,MP-0002,2421,PROV-02,2024-11-25,2024-12-02,98702
OC-5986,2026-05-21,MP-0115,274,PROV-18,2026-05-30,2026-06-11,26639
OC-5620,2025-11-25,MP-0045,424,PROV-09,2025-12-01,2025-12-09,62696
OC-5432,2025-04-12,MP-0030,2279,PROV-27,2025-04-28,2025-04-26,284982
OC-5127,2025-05-31,MP-0010,1487,PROV-24,2025-06-20,2025-07-06,244981
OC-5236,2025-05-06,MP-0017,1790,PROV-32,2025-05-28,2025-06-03,165823
OC-5562,2025-12-13,MP-0039,1002,PROV-26,2026-01-01,2026-01-26,395252
OC-5850,2026-02-03,MP-0089,428,PROV-14,2026-02-12,2026-02-19,56054
OC-6196,2025-05-10,MP-0156,20,PROV-35,2025-05-16,2035-05-28,13196
OC-5378,2024-10-27,MP-0027,532,PROV-27,2024-11-12,2024-11-24,179174
OC-6199,2025-04-14,MP-0159,66,PROV-21,2025-04-21,2025-04-26,4449
OC-6446,2026-01-21,MP-0396,102,PROV-09,2026-02-03,,4858
OC-5783,2025-09-08,MP-0077,302,PROV-34,2025-09-25,2025-10-07,66191
OC-5929,2025-12-09,MP-0102,266,PROV-34,2025-12-18,2025-12-30,15942
OC-5055,2025-02-14,MP-0005,1324,PROV-15,2025-02-28,2025-03-14,141286
OC-5352,2025-06-19,MP-0025,1181,PROV-24,2025-07-08,2025-07-24,216530
OC-6140,2024-11-25,MP-0142,463,PROV-26,2024-12-09,2024-12-11,34292
OC-5425,2026-06-19,MP-0030,1686,PROV-27,2026-07-05,2026-07-14,284982
OC-5973,2025-02-15,MP-0111,193,PROV-08,2025-02-24,2025-03-12,71165
OC-5042,2025-08-05,MP-0004,1268,PROV-20,2025-08-17,2025-09-04,385136
OC-6121,2025-08-03,MP-0138,375,PROV-21,2025-08-12,2025-08-24,68215
OC-5922,2025-02-21,MP-0101,339,PROV-16,2025-02-28,2025-03-13,70351
OC-5500,2024-09-21,MP-0034,1137,PROV-03,2024-10-09,2024-10-25,318023
OC-6256,2024-09-24,MP-0214,38,PROV-02,2024-10-01,2024-10-11,5690
OC-5456,2024-12-18,MP-0032,2142,PROV-03,2024-12-30,2025-01-06,196328
OC-6101,2024-10-20,MP-0135,278,PROV-01,2024-10-25,2024-10-28,25279
OC-5228,2025-10-02,MP-0017,2010,PROV-32,2025-10-24,2025-10-29,165823
OC-5039,2025-09-24,MP-0004,831,PROV-20,2025-10-06,2025-10-27,385136
OC-5118,2026-06-05,MP-0010,2073,PROV-24,2026-06-25,2026-07-02,244981
OC-6388,2025-09-08,MP-0340,3,PROV-05,2025-09-20,2025-09-25,2769
OC-5563,2025-07-24,MP-0039,971,PROV-26,2025-08-12,2025-09-11,395252
OC-5728,2024-07-16,MP-0065,260,PROV-13,2024-07-27,2024-08-15,35988
OC-5803,2025-07-19,MP-0082,120,PROV-14,2025-07-26,2025-08-07,23972
OC-5377,2025-09-24,MP-0027,674,PROV-27,2025-10-10,2025-10-28,179174
OC-5837,2025-04-12,MP-0088,483,PROV-17,2025-04-17,2025-04-25,42952
OC-5729,2024-07-12,MP-0065,330,PROV-13,2024-07-23,2024-07-31,35988
OC-6046,2026-01-04,MP-0126,256,PROV-23,2026-01-17,2026-02-02,42475
OC-5720,2025-10-17,MP-0062,355,PROV-08,2025-10-30,2025-11-08,42841
OC-5846,2025-10-17,MP-0089,264,PROV-14,2025-10-26,2025-11-05,56054
OC-5831,2025-01-11,MP-0087,258,PROV-23,2025-01-19,2025-01-20,77924
OC-6260,2025-09-22,MP-0218,99,PROV-07,2025-09-28,2025-10-02,10287
OC-6395,2025-04-26,MP-0346,13,PROV-31,2025-05-10,2025-05-09,8492
OC-5607,2025-09-07,MP-0044,395,PROV-06,2025-09-12,2025-09-12,64011
OC-5964,2025-11-19,MP-0109,335,PROV-19,2025-11-30,2025-11-29,60010
OC-5312,2025-08-17,MP-0023,2068,PROV-26,2025-09-02,2025-09-16,120113
OC-5714,2025-10-03,MP-0061,171,PROV-23,2025-10-14,2025-11-01,53880
OC-6068,2025-12-01,MP-0130,455,PROV-11,2025-12-11,2025-12-19,74019
OC-5334,2024-11-10,MP-0024,1399,PROV-31,2024-11-30,2024-12-19,223650
OC-6086,2025-07-16,MP-0132,139,PROV-09,2025-07-27,2025-08-04,32995
OC-6352,2025-05-23,MP-0307,29,PROV-09,2025-05-29,2025-06-02,2975
OC-6246,2025-01-10,MP-0204,76,PROV-09,2025-01-16,2025-01-25,3743
OC-6191,2024-09-29,MP-0151,7,PROV-12,2024-10-11,,14596
OC-5129,2025-05-14,MP-0010,1646,PROV-24,2025-06-03,2025-06-07,244981
OC-6238,2024-07-08,MP-0196,31,PROV-13,2024-07-17,2024-07-26,4392
OC-5954,2025-09-09,MP-0107,258,PROV-07,2025-09-23,2025-10-09,69513
OC-5487,2025-01-09,MP-0033,2041,PROV-15,2025-01-25,2025-02-11,157770
OC-5430,2026-06-23,MP-0030,1871,PROV-27,2026-07-09,2026-07-26,284982
OC-6149,2026-06-12,MP-0144,175,PROV-02,2026-06-22,2026-07-06,49362
OC-5811,2025-04-18,MP-0084,307,PROV-34,2025-04-25,2035-05-03,26907
OC-5695,2025-06-16,MP-0058,447,PROV-25,2025-06-22,2025-06-27,64400
OC-6406,2025-12-09,MP-0357,50,PROV-26,2025-12-21,2025-12-25,6420
OC-5371,2025-12-29,MP-0026,905,PROV-28,2026-01-09,2026-01-13,393154
OC-5924,2024-11-11,MP-0101,316,PROV-16,2024-11-18,2024-11-29,70351
OC-6457,2026-05-22,MP-0406,19,PROV-34,2026-06-07,2026-07-02,1249
OC-5191,2024-10-20,MP-0014,1397,PROV-26,2024-10-29,,234603
OC-5566,2024-07-29,MP-0039,1285,PROV-26,2024-08-17,2024-09-07,395252
OC-5204,2025-08-02,MP-0015,854,PROV-03,2025-08-17,2025-08-22,151416
OC-6166,2024-07-23,MP-0146,312,PROV-33,2024-07-29,2024-08-06,31220
OC-5499,2026-01-26,MP-0034,1777,PROV-03,2026-02-13,2026-02-17,318023
OC-5243,2025-04-18,MP-0018,1600,PROV-07,2025-04-29,2025-05-13,91904
OC-6188,2025-07-01,MP-0150,226,PROV-21,2025-07-11,2025-07-18,40425
OC-5591,2025-11-01,MP-0040,1344,PROV-31,2025-11-18,2025-12-06,143609
OC-5161,2026-01-07,MP-0012,1029,PROV-29,2026-01-21,2026-01-27,260365
OC-5862,2025-07-28,MP-0091,226,PROV-11,2025-08-08,2025-08-21,75896
OC-5557,2025-07-11,MP-0038,834,PROV-32,2025-07-29,2025-08-20,307900
OC-5327,2024-11-11,MP-0023,1510,PROV-26,2024-11-27,2024-11-27,120113
OC-5794,2025-08-22,MP-0080,182,PROV-24,2025-09-01,2025-09-10,39838
OC-6284,2025-08-06,MP-0241,70,PROV-10,2025-08-18,2025-08-27,6469
OC-6326,2026-02-06,MP-0282,27,PROV-23,2026-02-17,2026-03-01,14231
OC-5491,2025-02-08,MP-0033,1486,PROV-15,2025-02-24,2025-03-08,157770
OC-5905,2026-02-26,MP-0099,574,PROV-17,2026-03-04,2026-03-19,42946
OC-5507,2025-11-09,MP-0034,1667,PROV-03,2025-11-27,2025-12-14,318023
OC-5144,2025-04-21,MP-0011,1836,PROV-17,2025-05-11,2025-05-28,356026
OC-6362,2024-09-20,MP-0315,85,PROV-04,2024-09-27,2024-10-07,447
OC-5155,2025-05-21,MP-0012,967,PROV-29,2025-06-04,2025-06-08,260365
OC-5063,2025-08-07,MP-0005,1302,PROV-15,2025-08-21,2025-09-01,141286
OC-5705,2025-07-31,MP-0059,257,PROV-24,2025-08-10,2025-08-16,34481
OC-5399,2025-05-01,MP-0029,1338,PROV-04,2025-05-15,2025-05-24,310652
OC-5123,2024-07-19,MP-0010,2248,PROV-24,2024-08-08,2024-08-06,244981
OC-6466,2025-01-29,MP-0415,38,PROV-09,2025-02-07,2025-02-17,12117
OC-6430,2026-05-20,MP-0381,52,PROV-27,2026-05-30,2026-06-12,3956
OC-6031,2024-10-01,MP-0124,211,PROV-02,2024-10-15,2024-10-22,29143
OC-5442,2026-05-31,MP-0031,749,PROV-17,2026-06-13,2026-06-28,324073
OC-5379,2024-11-01,MP-0027,512,PROV-27,2024-11-17,2024-12-11,179174
OC-5818,2025-01-18,MP-0084,380,PROV-34,2025-01-25,2025-02-02,26907
OC-5617,2026-01-07,MP-0045,240,PROV-09,2026-01-13,2026-01-15,62696
OC-6341,2024-08-24,MP-0296,52,PROV-11,2024-09-03,2024-09-08,10190
OC-6096,2025-08-10,MP-0134,271,PROV-25,2025-08-22,2025-09-02,64521
OC-5571,2024-12-07,MP-0039,754,PROV-26,2024-12-26,2025-01-04,395252
OC-6067,2025-09-22,MP-0130,411,PROV-11,2025-10-02,2025-10-10,74019
OC-6062,2026-01-17,MP-0129,376,PROV-18,2026-01-29,2026-02-21,38308
OC-6156,2025-06-10,MP-0145,335,PROV-30,2025-06-17,2025-06-17,22774
OC-6193,2025-08-20,MP-0153,43,PROV-07,2025-08-29,2025-09-04,14614
OC-5996,2024-08-16,MP-0117,238,PROV-27,2024-08-26,2024-08-31,19690
OC-5031,2025-06-07,MP-0003,731,PROV-01,2025-06-21,2025-07-05,178655
OC-6171,2026-02-12,MP-0147,348,PROV-28,2026-02-22,2026-03-02,48242
OC-5329,2026-01-19,MP-0023,1724,PROV-26,2026-02-04,2026-02-18,120113
OC-5181,2025-03-27,MP-0014,1294,PROV-26,2025-04-05,2025-04-18,234603
OC-5809,2026-04-13,MP-0083,156,PROV-07,2026-04-19,2026-04-24,73001
OC-5078,2025-12-19,MP-0006,489,PROV-08,2026-01-03,2026-01-13,142141
OC-5649,2025-11-02,MP-0050,472,PROV-26,2025-11-08,2025-11-18,63500
OC-6203,2025-04-11,MP-0163,69,PROV-11,2025-04-23,2025-04-23,6781
OC-5761,2026-05-13,MP-0072,155,PROV-09,2026-05-26,2026-06-05,15680
OC-5279,2024-07-03,MP-0021,1132,PROV-03,2024-07-16,2024-07-30,188399
OC-5002,2025-03-11,MP-0001,588,PROV-02,2025-03-22,2025-04-09,299035
OC-6371,2024-10-12,MP-0323,20,PROV-22,2024-10-24,2024-11-10,1501
OC-5416,2025-04-22,MP-0030,1539,PROV-27,2025-05-08,2025-05-26,284982
OC-6118,2025-09-13,MP-0137,456,PROV-09,2025-09-19,2025-09-23,39144
OC-5301,2024-12-20,MP-0022,1496,PROV-07,2025-01-02,2025-01-12,173118
OC-5536,2025-05-23,MP-0036,602,PROV-32,2025-06-03,2025-06-13,339654
OC-5834,2025-08-29,MP-0087,431,PROV-23,2025-09-06,2025-09-06,77924
OC-5756,2025-03-21,MP-0071,406,PROV-18,2025-03-31,2025-04-09,64609
OC-5717,2024-09-27,MP-0062,337,PROV-08,2024-10-10,2024-10-31,42841
OC-6389,2025-08-13,MP-0341,44,PROV-34,2025-08-20,2025-09-04,2027
OC-6402,2024-10-07,MP-0353,107,PROV-10,2024-10-22,2024-10-31,10667
OC-5621,2025-01-26,MP-0045,334,PROV-09,2025-02-01,2025-01-31,62696
OC-5054,2025-08-14,MP-0005,1445,PROV-15,2025-08-28,2025-09-01,141286
OC-6409,2026-04-07,MP-0360,25,PROV-20,2026-04-13,2026-04-16,2148
OC-6432,2026-05-28,MP-0383,11,PROV-19,2026-06-10,2026-06-28,2342
OC-6465,2025-06-17,MP-0414,15,PROV-17,2025-06-29,2025-07-17,2703
OC-5699,2026-05-04,MP-0058,333,PROV-25,2026-05-10,,64400
OC-5190,2025-05-08,MP-0014,1134,PROV-26,2025-05-17,2025-05-26,234603
OC-5709,2026-05-23,MP-0059,411,PROV-24,2026-06-02,2026-06-27,34481
OC-5423,2026-06-26,MP-0030,1950,PROV-27,2026-07-12,2026-07-21,284982
OC-6100,2024-08-21,MP-0135,368,PROV-01,2024-08-26,2035-09-01,25279
OC-5863,2026-02-24,MP-0092,314,PROV-11,2026-03-07,2026-03-18,22184
OC-6400,2024-11-25,MP-0351,12,PROV-27,2024-12-09,2024-12-17,11483
OC-5265,2024-07-19,MP-0019,430,PROV-31,2024-08-05,2024-09-09,81958
OC-5186,2025-11-15,MP-0014,1404,PROV-26,2025-11-24,2025-12-06,234603
OC-5881,2025-03-13,MP-0095,298,PROV-08,2025-03-21,2025-03-27,49436
OC-5356,2025-02-20,MP-0025,666,PROV-24,2025-03-11,2025-03-26,216530
OC-5093,2024-12-18,MP-0008,504,PROV-20,2025-01-07,2025-02-05,310890
OC-5688,2025-04-24,MP-0057,401,PROV-02,2025-05-02,2025-05-08,65040
OC-5522,2025-10-27,MP-0035,1376,PROV-34,2025-11-13,2025-12-09,391712
OC-5359,2025-09-03,MP-0026,816,PROV-28,2025-09-14,2025-09-25,393154
OC-5373,2025-03-21,MP-0026,859,PROV-28,2025-04-01,2025-04-14,393154
OC-6099,2024-10-07,MP-0135,275,PROV-01,2024-10-12,2024-10-19,25279
OC-6138,2025-04-12,MP-0141,199,PROV-32,2025-04-18,2025-04-18,20387
OC-6176,2024-12-30,MP-0147,462,PROV-28,2025-01-09,2025-01-12,48242
OC-6030,2025-01-15,MP-0124,306,PROV-02,2025-01-29,,29143
OC-5694,2026-01-10,MP-0058,498,PROV-25,2026-01-16,2026-01-19,64400
OC-6227,2026-04-16,MP-0185,44,PROV-23,2026-04-25,2026-05-01,12045
OC-5064,2025-05-05,MP-0005,1304,PROV-15,2025-05-19,2025-05-13,141286
OC-5979,2025-05-02,MP-0113,138,PROV-11,2025-05-09,2025-05-11,60878
OC-6355,2026-02-27,MP-0310,9,PROV-26,2026-03-11,2026-04-03,11146
OC-6127,2026-03-22,MP-0139,200,PROV-03,2026-03-31,2026-04-12,22444
